-- ----------------------------
-- Records of t_sys_dict
-- ----------------------------
INSERT INTO `t_sys_dict` VALUES ('0b5d19e1fce4b2e6647e6b4a17760c14', '通告类型', 'msg_category', '消息类型1:通知公告2:系统消息', 0, 'admin', '2019-04-22 18:01:35', NULL, NULL, 0);
INSERT INTO `t_sys_dict` VALUES ('1174509082208395266', '职务职级', 'position_rank', '职务表职级字典', 0, 'admin', '2019-09-19 10:22:41', NULL, NULL, 0);
INSERT INTO `t_sys_dict` VALUES ('1174511106530525185', '机构类型', 'org_category', '机构类型 1组织机构，2岗位', 0, 'admin', '2019-09-19 10:30:43', NULL, NULL, 0);
INSERT INTO `t_sys_dict` VALUES ('1178295274528845826', '表单权限策略', 'form_perms_type', '', 0, 'admin', '2019-09-29 21:07:39', 'admin', '2019-09-29 21:08:26', NULL);
INSERT INTO `t_sys_dict` VALUES ('1199517671259906049', '紧急程度', 'urgent_level', '日程计划紧急程度', 0, 'admin', '2019-11-27 10:37:53', NULL, NULL, 0);
INSERT INTO `t_sys_dict` VALUES ('1199518099888414722', '日程计划类型', 'eoa_plan_type', '', 0, 'admin', '2019-11-27 10:39:36', NULL, NULL, 0);
INSERT INTO `t_sys_dict` VALUES ('1199520177767587841', '分类栏目类型', 'eoa_cms_menu_type', '', 0, 'admin', '2019-11-27 10:47:51', 'admin', '2019-11-27 10:49:35', 0);
INSERT INTO `t_sys_dict` VALUES ('1199525215290306561', '日程计划状态', 'eoa_plan_status', '', 0, 'admin', '2019-11-27 11:07:52', 'admin', '2019-11-27 11:10:11', 0);
INSERT INTO `t_sys_dict` VALUES ('1209733563293962241', '数据库类型', 'database_type', '', 0, 'admin', '2019-12-25 15:12:12', NULL, NULL, 0);
INSERT INTO `t_sys_dict` VALUES ('236e8a4baff0db8c62c00dd95632834f', '同步工作流引擎', 'activiti_sync', '同步工作流引擎', 0, 'admin', '2019-05-15 15:27:33', NULL, NULL, 0);
INSERT INTO `t_sys_dict` VALUES ('2e02df51611a4b9632828ab7e5338f00', '权限策略', 'perms_type', '权限策略', 0, 'admin', '2019-04-26 18:26:55', NULL, NULL, 0);
INSERT INTO `t_sys_dict` VALUES ('2f0320997ade5dd147c90130f7218c3e', '推送类别', 'msg_type', '', 0, 'admin', '2019-03-17 21:21:32', 'admin', '2019-03-26 19:57:45', 0);
INSERT INTO `t_sys_dict` VALUES ('3486f32803bb953e7155dab3513dc68b', '删除状态', 'del_flag', NULL, 0, 'admin', '2019-01-18 21:46:26', 'admin', '2019-03-30 11:17:11', 0);
INSERT INTO `t_sys_dict` VALUES ('3d9a351be3436fbefb1307d4cfb49bf2', '性别', 'sex', NULL, 0, NULL, '2019-01-04 14:56:32', 'admin', '2019-03-30 11:28:27', 1);
INSERT INTO `t_sys_dict` VALUES ('404a04a15f371566c658ee9ef9fc392a', 'cehis2', '22', NULL, 1, 'admin', '2019-01-30 11:17:21', 'admin', '2019-03-30 11:18:12', 0);
INSERT INTO `t_sys_dict` VALUES ('4274efc2292239b6f000b153f50823ff', '全局权限策略', 'global_perms_type', '全局权限策略', 0, 'admin', '2019-05-10 17:54:05', NULL, NULL, 0);
INSERT INTO `t_sys_dict` VALUES ('4c03fca6bf1f0299c381213961566349', 'Online图表展示模板', 'online_graph_display_template', 'Online图表展示模板', 0, 'admin', '2019-04-12 17:28:50', NULL, NULL, 0);
INSERT INTO `t_sys_dict` VALUES ('4c753b5293304e7a445fd2741b46529d', '字典状态', 'dict_item_status', NULL, 0, 'admin', '2020-06-18 23:18:42', 'admin', '2019-03-30 19:33:52', 1);
INSERT INTO `t_sys_dict` VALUES ('4d7fec1a7799a436d26d02325eff295e', '优先级', 'priority', '优先级', 0, 'admin', '2019-03-16 17:03:34', 'admin', '2019-04-16 17:39:23', 0);
INSERT INTO `t_sys_dict` VALUES ('4e4602b3e3686f0911384e188dc7efb4', '条件规则', 'rule_conditions', '', 0, 'admin', '2019-04-01 10:15:03', 'admin', '2019-04-01 10:30:47', 0);
INSERT INTO `t_sys_dict` VALUES ('4f69be5f507accea8d5df5f11346181a', '发送消息类型', 'msgType', NULL, 0, 'admin', '2019-04-11 14:27:09', NULL, NULL, 0);
INSERT INTO `t_sys_dict` VALUES ('68168534ff5065a152bfab275c2136f8', '有效无效状态', 'valid_status', '有效无效状态', 0, 'admin', '2020-09-26 19:21:14', 'admin', '2019-04-26 19:21:23', 0);
INSERT INTO `t_sys_dict` VALUES ('6b78e3f59faec1a4750acff08030a79b', '用户类型', 'user_type', NULL, 1, NULL, '2019-01-04 14:59:01', 'admin', '2019-03-18 23:28:18', 0);
INSERT INTO `t_sys_dict` VALUES ('72cce0989df68887546746d8f09811aa', 'Online表单类型', 'cgform_table_type', '', 0, 'admin', '2019-01-27 10:13:02', 'admin', '2019-03-30 11:37:36', 0);
INSERT INTO `t_sys_dict` VALUES ('78bda155fe380b1b3f175f1e88c284c6', '流程状态', 'bpm_status', '流程状态', 0, 'admin', '2019-05-09 16:31:52', NULL, NULL, 0);
INSERT INTO `t_sys_dict` VALUES ('83bfb33147013cc81640d5fd9eda030c', '日志类型', 'log_type', NULL, 0, 'admin', '2019-03-18 23:22:19', NULL, NULL, 1);
INSERT INTO `t_sys_dict` VALUES ('845da5006c97754728bf48b6a10f79cc', '状态', 'status', NULL, 1, 'admin', '2019-03-18 21:45:25', 'admin', '2019-03-18 21:58:25', 0);
INSERT INTO `t_sys_dict` VALUES ('880a895c98afeca9d9ac39f29e67c13e', '操作类型', 'operate_type', '操作类型', 0, 'admin', '2019-07-22 10:54:29', NULL, NULL, 0);
INSERT INTO `t_sys_dict` VALUES ('8dfe32e2d29ea9430a988b3b558bf233', '发布状态', 'send_status', '发布状态', 0, 'admin', '2019-04-16 17:40:42', NULL, NULL, 0);
INSERT INTO `t_sys_dict` VALUES ('a7adbcd86c37f7dbc9b66945c82ef9e6', '1是0否', 'yn', '', 1, 'admin', '2019-05-22 19:29:29', NULL, NULL, 0);
INSERT INTO `t_sys_dict` VALUES ('a9d9942bd0eccb6e89de92d130ec4c4a', '消息发送状态', 'msgSendStatus', NULL, 0, 'admin', '2019-04-12 18:18:17', NULL, NULL, 0);
INSERT INTO `t_sys_dict` VALUES ('ac2f7c0c5c5775fcea7e2387bcb22f01', '菜单类型', 'menu_type', NULL, 0, 'admin', '2020-12-18 23:24:32', 'admin', '2019-04-01 15:27:06', 1);
INSERT INTO `t_sys_dict` VALUES ('ad7c65ba97c20a6805d5dcdf13cdaf36', 'onlineT类型', 'ceshi_online', NULL, 1, 'admin', '2019-03-22 16:31:49', 'admin', '2019-03-22 16:34:16', 0);
INSERT INTO `t_sys_dict` VALUES ('bd1b8bc28e65d6feefefb6f3c79f42fd', 'Online图表数据类型', 'online_graph_data_type', 'Online图表数据类型', 0, 'admin', '2019-04-12 17:24:24', 'admin', '2019-04-12 17:24:57', 0);
INSERT INTO `t_sys_dict` VALUES ('c36169beb12de8a71c8683ee7c28a503', '部门状态', 'depart_status', NULL, 0, 'admin', '2019-03-18 21:59:51', NULL, NULL, 0);
INSERT INTO `t_sys_dict` VALUES ('c5a14c75172783d72cbee6ee7f5df5d1', 'Online图表类型', 'online_graph_type', 'Online图表类型', 0, 'admin', '2019-04-12 17:04:06', NULL, NULL, 0);
INSERT INTO `t_sys_dict` VALUES ('d6e1152968b02d69ff358c75b48a6ee1', '流程类型', 'bpm_process_type', NULL, 0, 'admin', '2021-02-22 19:26:54', 'admin', '2019-03-30 18:14:44', 0);
INSERT INTO `t_sys_dict` VALUES ('fc6cd58fde2e8481db10d3a1e68ce70c', '用户状态', 'user_status', NULL, 0, 'admin', '2019-03-18 21:57:25', 'admin', '2019-03-18 23:11:58', 1);



-- ----------------------------
-- Records of t_sys_dict_item
-- ----------------------------
INSERT INTO `t_sys_dict_item` VALUES ('0072d115e07c875d76c9b022e2179128', '4d7fec1a7799a436d26d02325eff295e', '低', 'L', '低', 3, 1, 'admin', '2019-04-16 17:04:59', NULL, NULL);
INSERT INTO `t_sys_dict_item` VALUES ('05a2e732ce7b00aa52141ecc3e330b4e', '3486f32803bb953e7155dab3513dc68b', '已删除', '1', NULL, NULL, 1, 'admin', '2025-10-18 21:46:56', 'admin', '2019-03-28 22:23:20');
INSERT INTO `t_sys_dict_item` VALUES ('096c2e758d823def3855f6376bc736fb', 'bd1b8bc28e65d6feefefb6f3c79f42fd', 'SQL', 'sql', NULL, 1, 1, 'admin', '2019-04-12 17:26:26', NULL, NULL);
INSERT INTO `t_sys_dict_item` VALUES ('0c9532916f5cd722017b46bc4d953e41', '2f0320997ade5dd147c90130f7218c3e', '指定用户', 'USER', NULL, NULL, 1, 'admin', '2019-03-17 21:22:19', 'admin', '2019-03-17 21:22:28');
INSERT INTO `t_sys_dict_item` VALUES ('0ca4beba9efc4f9dd54af0911a946d5c', '72cce0989df68887546746d8f09811aa', '附表', '3', NULL, 3, 1, 'admin', '2019-03-27 10:13:43', NULL, NULL);
INSERT INTO `t_sys_dict_item` VALUES ('1030a2652608f5eac3b49d70458b8532', '2e02df51611a4b9632828ab7e5338f00', '禁用', '2', '禁用', 2, 1, 'admin', '2021-03-26 18:27:28', 'admin', '2019-04-26 18:39:11');
INSERT INTO `t_sys_dict_item` VALUES ('1174509601047994369', '1174509082208395266', '员级', '1', '', 1, 1, 'admin', '2019-09-19 10:24:45', 'admin', '2019-09-23 11:46:39');
INSERT INTO `t_sys_dict_item` VALUES ('1174509667297026049', '1174509082208395266', '助级', '2', '', 2, 1, 'admin', '2019-09-19 10:25:01', 'admin', '2019-09-23 11:46:47');
INSERT INTO `t_sys_dict_item` VALUES ('1174509713568587777', '1174509082208395266', '中级', '3', '', 3, 1, 'admin', '2019-09-19 10:25:12', 'admin', '2019-09-23 11:46:56');
INSERT INTO `t_sys_dict_item` VALUES ('1174509788361416705', '1174509082208395266', '副高级', '4', '', 4, 1, 'admin', '2019-09-19 10:25:30', 'admin', '2019-09-23 11:47:06');
INSERT INTO `t_sys_dict_item` VALUES ('1174509835803189250', '1174509082208395266', '正高级', '5', '', 5, 1, 'admin', '2019-09-19 10:25:41', 'admin', '2019-09-23 11:47:12');
INSERT INTO `t_sys_dict_item` VALUES ('1174511197735665665', '1174511106530525185', '组织机构', '1', '组织机构', 1, 1, 'admin', '2019-09-19 10:31:05', NULL, NULL);
INSERT INTO `t_sys_dict_item` VALUES ('1174511244036587521', '1174511106530525185', '岗位', '2', '岗位', 1, 1, 'admin', '2019-09-19 10:31:16', NULL, NULL);
INSERT INTO `t_sys_dict_item` VALUES ('1178295553450061826', '1178295274528845826', '可编辑(未授权禁用)', '2', '', 2, 1, 'admin', '2019-09-29 21:08:46', 'admin', '2019-09-29 21:09:18');
INSERT INTO `t_sys_dict_item` VALUES ('1178295639554928641', '1178295274528845826', '可见(未授权不可见)', '1', '', 1, 1, 'admin', '2019-09-29 21:09:06', 'admin', '2019-09-29 21:09:24');
INSERT INTO `t_sys_dict_item` VALUES ('1199517884758368257', '1199517671259906049', '一般', '1', '', 1, 1, 'admin', '2019-11-27 10:38:44', NULL, NULL);
INSERT INTO `t_sys_dict_item` VALUES ('1199517914017832962', '1199517671259906049', '重要', '2', '', 1, 1, 'admin', '2019-11-27 10:38:51', NULL, NULL);
INSERT INTO `t_sys_dict_item` VALUES ('1199517941339529217', '1199517671259906049', '紧急', '3', '', 1, 1, 'admin', '2019-11-27 10:38:58', NULL, NULL);
INSERT INTO `t_sys_dict_item` VALUES ('1199518186144276482', '1199518099888414722', '日常记录', '1', '', 1, 1, 'admin', '2019-11-27 10:39:56', NULL, NULL);
INSERT INTO `t_sys_dict_item` VALUES ('1199518214858481666', '1199518099888414722', '本周工作', '2', '', 1, 1, 'admin', '2019-11-27 10:40:03', NULL, NULL);
INSERT INTO `t_sys_dict_item` VALUES ('1199518235943247874', '1199518099888414722', '下周计划', '3', '', 1, 1, 'admin', '2019-11-27 10:40:08', NULL, NULL);
INSERT INTO `t_sys_dict_item` VALUES ('1199520817285701634', '1199520177767587841', '列表', '1', '', 1, 1, 'admin', '2019-11-27 10:50:24', NULL, NULL);
INSERT INTO `t_sys_dict_item` VALUES ('1199520835035996161', '1199520177767587841', '链接', '2', '', 1, 1, 'admin', '2019-11-27 10:50:28', NULL, NULL);
INSERT INTO `t_sys_dict_item` VALUES ('1199525468672405505', '1199525215290306561', '未开始', '0', '', 1, 1, 'admin', '2019-11-27 11:08:52', NULL, NULL);
INSERT INTO `t_sys_dict_item` VALUES ('1199525490575060993', '1199525215290306561', '进行中', '1', '', 1, 1, 'admin', '2019-11-27 11:08:58', NULL, NULL);
INSERT INTO `t_sys_dict_item` VALUES ('1199525506429530114', '1199525215290306561', '已完成', '2', '', 1, 1, 'admin', '2019-11-27 11:09:02', 'admin', '2019-11-27 11:10:02');
INSERT INTO `t_sys_dict_item` VALUES ('1199607547704647681', '4f69be5f507accea8d5df5f11346181a', '系统', '4', '', 1, 1, 'admin', '2019-11-27 16:35:02', 'admin', '2019-11-27 19:37:46');
INSERT INTO `t_sys_dict_item` VALUES ('1209733775114702850', '1209733563293962241', 'MySQL', '1', '', 1, 1, 'admin', '2019-12-25 15:13:02', NULL, NULL);
INSERT INTO `t_sys_dict_item` VALUES ('1209733839933476865', '1209733563293962241', 'Oracle', '2', '', 1, 1, 'admin', '2019-12-25 15:13:18', NULL, NULL);
INSERT INTO `t_sys_dict_item` VALUES ('1209733903020003330', '1209733563293962241', 'SQLServer', '3', '', 1, 1, 'admin', '2019-12-25 15:13:33', NULL, NULL);
INSERT INTO `t_sys_dict_item` VALUES ('147c48ff4b51545032a9119d13f3222a', 'd6e1152968b02d69ff358c75b48a6ee1', '测试流程', 'test', NULL, 1, 1, 'admin', '2019-03-22 19:27:05', NULL, NULL);
INSERT INTO `t_sys_dict_item` VALUES ('1543fe7e5e26fb97cdafe4981bedc0c8', '4c03fca6bf1f0299c381213961566349', '单排布局', 'single', NULL, 2, 1, 'admin', '2022-07-12 17:43:39', 'admin', '2019-04-12 17:43:57');
INSERT INTO `t_sys_dict_item` VALUES ('1b8a6341163062dad8cb2fddd34e0c3b', '404a04a15f371566c658ee9ef9fc392a', '22', '222', NULL, 1, 1, 'admin', '2019-03-30 11:17:48', NULL, NULL);
INSERT INTO `t_sys_dict_item` VALUES ('1ce390c52453891f93514c1bd2795d44', 'ad7c65ba97c20a6805d5dcdf13cdaf36', '000', '00', NULL, 1, 1, 'admin', '2019-03-22 16:34:34', NULL, NULL);
INSERT INTO `t_sys_dict_item` VALUES ('1db531bcff19649fa82a644c8a939dc4', '4c03fca6bf1f0299c381213961566349', '组合布局', 'combination', '', 4, 1, 'admin', '2019-05-11 16:07:08', NULL, NULL);
INSERT INTO `t_sys_dict_item` VALUES ('222705e11ef0264d4214affff1fb4ff9', '4f69be5f507accea8d5df5f11346181a', '短信', '1', '', 1, 1, 'admin', '2023-02-28 10:50:36', 'admin', '2019-04-28 10:58:11');
INSERT INTO `t_sys_dict_item` VALUES ('23a5bb76004ed0e39414e928c4cde155', '4e4602b3e3686f0911384e188dc7efb4', '不等于', '!=', '不等于', 3, 1, 'admin', '2019-04-01 16:46:15', 'admin', '2019-04-01 17:48:40');
INSERT INTO `t_sys_dict_item` VALUES ('25847e9cb661a7c711f9998452dc09e6', '4e4602b3e3686f0911384e188dc7efb4', '小于等于', '<=', '小于等于', 6, 1, 'admin', '2019-04-01 16:44:34', 'admin', '2019-04-01 17:49:10');
INSERT INTO `t_sys_dict_item` VALUES ('2d51376643f220afdeb6d216a8ac2c01', '68168534ff5065a152bfab275c2136f8', '有效', '1', '有效', 2, 1, 'admin', '2019-04-26 19:22:01', NULL, NULL);
INSERT INTO `t_sys_dict_item` VALUES ('308c8aadf0c37ecdde188b97ca9833f5', '8dfe32e2d29ea9430a988b3b558bf233', '已发布', '1', '已发布', 2, 1, 'admin', '2019-04-16 17:41:24', NULL, NULL);
INSERT INTO `t_sys_dict_item` VALUES ('333e6b2196e01ef9a5f76d74e86a6e33', '8dfe32e2d29ea9430a988b3b558bf233', '未发布', '0', '未发布', 1, 1, 'admin', '2019-04-16 17:41:12', NULL, NULL);
INSERT INTO `t_sys_dict_item` VALUES ('337ea1e401bda7233f6258c284ce4f50', 'bd1b8bc28e65d6feefefb6f3c79f42fd', 'JSON', 'json', NULL, 1, 1, 'admin', '2019-04-12 17:26:33', NULL, NULL);
INSERT INTO `t_sys_dict_item` VALUES ('33bc9d9f753cf7dc40e70461e50fdc54', 'a9d9942bd0eccb6e89de92d130ec4c4a', '发送失败', '2', NULL, 3, 1, 'admin', '2019-04-12 18:20:02', NULL, NULL);
INSERT INTO `t_sys_dict_item` VALUES ('3fbc03d6c994ae06d083751248037c0e', '78bda155fe380b1b3f175f1e88c284c6', '已完成', '3', '已完成', 3, 1, 'admin', '2019-05-09 16:33:25', NULL, NULL);
INSERT INTO `t_sys_dict_item` VALUES ('41d7aaa40c9b61756ffb1f28da5ead8e', '0b5d19e1fce4b2e6647e6b4a17760c14', '通知公告', '1', NULL, 1, 1, 'admin', '2019-04-22 18:01:57', NULL, NULL);
INSERT INTO `t_sys_dict_item` VALUES ('41fa1e9571505d643aea87aeb83d4d76', '4e4602b3e3686f0911384e188dc7efb4', '等于', '=', '等于', 4, 1, 'admin', '2019-04-01 16:45:24', 'admin', '2019-04-01 17:49:00');
INSERT INTO `t_sys_dict_item` VALUES ('43d2295b8610adce9510ff196a49c6e9', '845da5006c97754728bf48b6a10f79cc', '正常', '1', NULL, NULL, 1, 'admin', '2019-03-18 21:45:51', NULL, NULL);
INSERT INTO `t_sys_dict_item` VALUES ('4f05fb5376f4c61502c5105f52e4dd2b', '83bfb33147013cc81640d5fd9eda030c', '操作日志', '2', NULL, NULL, 1, 'admin', '2019-03-18 23:22:49', NULL, NULL);
INSERT INTO `t_sys_dict_item` VALUES ('50223341bfb5ba30bf6319789d8d17fe', 'd6e1152968b02d69ff358c75b48a6ee1', '业务办理', 'business', NULL, 3, 1, 'admin', '2023-04-22 19:28:05', 'admin', '2019-03-22 23:24:39');
INSERT INTO `t_sys_dict_item` VALUES ('51222413e5906cdaf160bb5c86fb827c', 'a7adbcd86c37f7dbc9b66945c82ef9e6', '是', '1', '', 1, 1, 'admin', '2019-05-22 19:29:45', NULL, NULL);
INSERT INTO `t_sys_dict_item` VALUES ('538fca35afe004972c5f3947c039e766', '2e02df51611a4b9632828ab7e5338f00', '显示', '1', '显示', 1, 1, 'admin', '2025-03-26 18:27:13', 'admin', '2019-04-26 18:39:07');
INSERT INTO `t_sys_dict_item` VALUES ('5584c21993bde231bbde2b966f2633ac', '4e4602b3e3686f0911384e188dc7efb4', '自定义SQL表达式', 'USE_SQL_RULES', '自定义SQL表达式', 9, 1, 'admin', '2019-04-01 10:45:24', 'admin', '2019-04-01 17:49:27');
INSERT INTO `t_sys_dict_item` VALUES ('58b73b344305c99b9d8db0fc056bbc0a', '72cce0989df68887546746d8f09811aa', '主表', '2', NULL, 2, 1, 'admin', '2019-03-27 10:13:36', NULL, NULL);
INSERT INTO `t_sys_dict_item` VALUES ('5b65a88f076b32e8e69d19bbaadb52d5', '2f0320997ade5dd147c90130f7218c3e', '全体用户', 'ALL', NULL, NULL, 1, 'admin', '2020-10-17 21:22:43', 'admin', '2019-03-28 22:17:09');
INSERT INTO `t_sys_dict_item` VALUES ('5d833f69296f691843ccdd0c91212b6b', '880a895c98afeca9d9ac39f29e67c13e', '修改', '3', '', 3, 1, 'admin', '2019-07-22 10:55:07', 'admin', '2019-07-22 10:55:41');
INSERT INTO `t_sys_dict_item` VALUES ('5d84a8634c8fdfe96275385075b105c9', '3d9a351be3436fbefb1307d4cfb49bf2', '女', '2', NULL, 2, 1, NULL, '2019-01-04 14:56:56', NULL, '2019-01-04 17:38:12');
INSERT INTO `t_sys_dict_item` VALUES ('66c952ae2c3701a993e7db58f3baf55e', '4e4602b3e3686f0911384e188dc7efb4', '大于', '>', '大于', 1, 1, 'admin', '2019-04-01 10:45:46', 'admin', '2019-04-01 17:48:29');
INSERT INTO `t_sys_dict_item` VALUES ('6937c5dde8f92e9a00d4e2ded9198694', 'ad7c65ba97c20a6805d5dcdf13cdaf36', 'easyui', '3', NULL, 1, 1, 'admin', '2019-03-22 16:32:15', NULL, NULL);
INSERT INTO `t_sys_dict_item` VALUES ('69cacf64e244100289ddd4aa9fa3b915', 'a9d9942bd0eccb6e89de92d130ec4c4a', '未发送', '0', NULL, 1, 1, 'admin', '2019-04-12 18:19:23', NULL, NULL);
INSERT INTO `t_sys_dict_item` VALUES ('6a7a9e1403a7943aba69e54ebeff9762', '4f69be5f507accea8d5df5f11346181a', '邮件', '2', '', 2, 1, 'admin', '2031-02-28 10:50:44', 'admin', '2019-04-28 10:59:03');
INSERT INTO `t_sys_dict_item` VALUES ('6c682d78ddf1715baf79a1d52d2aa8c2', '72cce0989df68887546746d8f09811aa', '单表', '1', NULL, 1, 1, 'admin', '2019-03-27 10:13:29', NULL, NULL);
INSERT INTO `t_sys_dict_item` VALUES ('6d404fd2d82311fbc87722cd302a28bc', '4e4602b3e3686f0911384e188dc7efb4', '模糊', 'LIKE', '模糊', 7, 1, 'admin', '2019-04-01 16:46:02', 'admin', '2019-04-01 17:49:20');
INSERT INTO `t_sys_dict_item` VALUES ('6d4e26e78e1a09699182e08516c49fc4', '4d7fec1a7799a436d26d02325eff295e', '高', 'H', '高', 1, 1, 'admin', '2019-04-16 17:04:24', NULL, NULL);
INSERT INTO `t_sys_dict_item` VALUES ('700e9f030654f3f90e9ba76ab0713551', '6b78e3f59faec1a4750acff08030a79b', '333', '333', NULL, NULL, 1, 'admin', '2019-02-21 19:59:47', NULL, NULL);
INSERT INTO `t_sys_dict_item` VALUES ('7050c1522702bac3be40e3b7d2e1dfd8', 'c5a14c75172783d72cbee6ee7f5df5d1', '柱状图', 'bar', NULL, 1, 1, 'admin', '2019-04-12 17:05:17', NULL, NULL);
INSERT INTO `t_sys_dict_item` VALUES ('71b924faa93805c5c1579f12e001c809', 'd6e1152968b02d69ff358c75b48a6ee1', 'OA办公', 'oa', NULL, 2, 1, 'admin', '2021-03-22 19:27:17', 'admin', '2019-03-22 23:24:36');
INSERT INTO `t_sys_dict_item` VALUES ('75b260d7db45a39fc7f21badeabdb0ed', 'c36169beb12de8a71c8683ee7c28a503', '不启用', '0', NULL, NULL, 1, 'admin', '2019-03-18 23:29:41', 'admin', '2019-03-18 23:29:54');
INSERT INTO `t_sys_dict_item` VALUES ('7688469db4a3eba61e6e35578dc7c2e5', 'c36169beb12de8a71c8683ee7c28a503', '启用', '1', NULL, NULL, 1, 'admin', '2019-03-18 23:29:28', NULL, NULL);
INSERT INTO `t_sys_dict_item` VALUES ('78ea6cadac457967a4b1c4eb7aaa418c', 'fc6cd58fde2e8481db10d3a1e68ce70c', '正常', '1', NULL, NULL, 1, 'admin', '2019-03-18 23:30:28', NULL, NULL);
INSERT INTO `t_sys_dict_item` VALUES ('7ccf7b80c70ee002eceb3116854b75cb', 'ac2f7c0c5c5775fcea7e2387bcb22f01', '按钮权限', '2', NULL, NULL, 1, 'admin', '2019-03-18 23:25:40', NULL, NULL);
INSERT INTO `t_sys_dict_item` VALUES ('81fb2bb0e838dc68b43f96cc309f8257', 'fc6cd58fde2e8481db10d3a1e68ce70c', '冻结', '2', NULL, NULL, 1, 'admin', '2019-03-18 23:30:37', NULL, NULL);
INSERT INTO `t_sys_dict_item` VALUES ('83250269359855501ec4e9c0b7e21596', '4274efc2292239b6f000b153f50823ff', '可见/可访问(授权后可见/可访问)', '1', '', 1, 1, 'admin', '2019-05-10 17:54:51', NULL, NULL);
INSERT INTO `t_sys_dict_item` VALUES ('84778d7e928bc843ad4756db1322301f', '4e4602b3e3686f0911384e188dc7efb4', '大于等于', '>=', '大于等于', 5, 1, 'admin', '2019-04-01 10:46:02', 'admin', '2019-04-01 17:49:05');
INSERT INTO `t_sys_dict_item` VALUES ('848d4da35ebd93782029c57b103e5b36', 'c5a14c75172783d72cbee6ee7f5df5d1', '饼图', 'pie', NULL, 3, 1, 'admin', '2019-04-12 17:05:49', NULL, NULL);
INSERT INTO `t_sys_dict_item` VALUES ('84dfc178dd61b95a72900fcdd624c471', '78bda155fe380b1b3f175f1e88c284c6', '处理中', '2', '处理中', 2, 1, 'admin', '2019-05-09 16:33:01', NULL, NULL);
INSERT INTO `t_sys_dict_item` VALUES ('86f19c7e0a73a0bae451021ac05b99dd', 'ac2f7c0c5c5775fcea7e2387bcb22f01', '子菜单', '1', NULL, NULL, 1, 'admin', '2019-03-18 23:25:27', NULL, NULL);
INSERT INTO `t_sys_dict_item` VALUES ('8bccb963e1cd9e8d42482c54cc609ca2', '4f69be5f507accea8d5df5f11346181a', '微信', '3', NULL, 3, 1, 'admin', '2021-05-11 14:29:12', 'admin', '2019-04-11 14:29:31');
INSERT INTO `t_sys_dict_item` VALUES ('8c618902365ca681ebbbe1e28f11a548', '4c753b5293304e7a445fd2741b46529d', '启用', '1', '', 0, 1, 'admin', '2020-07-18 23:19:27', 'admin', '2019-05-17 14:51:18');
INSERT INTO `t_sys_dict_item` VALUES ('8cdf08045056671efd10677b8456c999', '4274efc2292239b6f000b153f50823ff', '可编辑(未授权时禁用)', '2', '', 2, 1, 'admin', '2019-05-10 17:55:38', NULL, NULL);
INSERT INTO `t_sys_dict_item` VALUES ('8ff48e657a7c5090d4f2a59b37d1b878', '4d7fec1a7799a436d26d02325eff295e', '中', 'M', '中', 2, 1, 'admin', '2019-04-16 17:04:40', NULL, NULL);
INSERT INTO `t_sys_dict_item` VALUES ('948923658baa330319e59b2213cda97c', '880a895c98afeca9d9ac39f29e67c13e', '添加', '2', '', 2, 1, 'admin', '2019-07-22 10:54:59', 'admin', '2019-07-22 10:55:36');
INSERT INTO `t_sys_dict_item` VALUES ('9a96c4a4e4c5c9b4e4d0cbf6eb3243cc', '4c753b5293304e7a445fd2741b46529d', '不启用', '0', NULL, 1, 1, 'admin', '2019-03-18 23:19:53', NULL, NULL);
INSERT INTO `t_sys_dict_item` VALUES ('a1e7d1ca507cff4a480c8caba7c1339e', '880a895c98afeca9d9ac39f29e67c13e', '导出', '6', '', 6, 1, 'admin', '2019-07-22 12:06:50', NULL, NULL);
INSERT INTO `t_sys_dict_item` VALUES ('a2321496db6febc956a6c70fab94cb0c', '404a04a15f371566c658ee9ef9fc392a', '3', '3', NULL, 1, 1, 'admin', '2019-03-30 11:18:18', NULL, NULL);
INSERT INTO `t_sys_dict_item` VALUES ('a2be752dd4ec980afaec1efd1fb589af', '8dfe32e2d29ea9430a988b3b558bf233', '已撤销', '2', '已撤销', 3, 1, 'admin', '2019-04-16 17:41:39', NULL, NULL);
INSERT INTO `t_sys_dict_item` VALUES ('aa0d8a8042a18715a17f0a888d360aa4', 'ac2f7c0c5c5775fcea7e2387bcb22f01', '一级菜单', '0', NULL, NULL, 1, 'admin', '2019-03-18 23:24:52', NULL, NULL);
INSERT INTO `t_sys_dict_item` VALUES ('adcf2a1fe93bb99a84833043f475fe0b', '4e4602b3e3686f0911384e188dc7efb4', '包含', 'IN', '包含', 8, 1, 'admin', '2019-04-01 16:45:47', 'admin', '2019-04-01 17:49:24');
INSERT INTO `t_sys_dict_item` VALUES ('b029a41a851465332ee4ee69dcf0a4c2', '0b5d19e1fce4b2e6647e6b4a17760c14', '系统消息', '2', NULL, 1, 1, 'admin', '2019-02-22 18:02:08', 'admin', '2019-04-22 18:02:13');
INSERT INTO `t_sys_dict_item` VALUES ('b2a8b4bb2c8e66c2c4b1bb086337f393', '3486f32803bb953e7155dab3513dc68b', '正常', '0', NULL, NULL, 1, 'admin', '2022-10-18 21:46:48', 'admin', '2019-03-28 22:22:20');
INSERT INTO `t_sys_dict_item` VALUES ('b57f98b88363188daf38d42f25991956', '6b78e3f59faec1a4750acff08030a79b', '22', '222', NULL, NULL, 0, 'admin', '2019-02-21 19:59:43', 'admin', '2019-03-11 21:23:27');
INSERT INTO `t_sys_dict_item` VALUES ('b5f3bd5f66bb9a83fecd89228c0d93d1', '68168534ff5065a152bfab275c2136f8', '无效', '0', '无效', 1, 1, 'admin', '2019-04-26 19:21:49', NULL, NULL);
INSERT INTO `t_sys_dict_item` VALUES ('b9fbe2a3602d4a27b45c100ac5328484', '78bda155fe380b1b3f175f1e88c284c6', '待提交', '1', '待提交', 1, 1, 'admin', '2019-05-09 16:32:35', NULL, NULL);
INSERT INTO `t_sys_dict_item` VALUES ('ba27737829c6e0e582e334832703d75e', '236e8a4baff0db8c62c00dd95632834f', '同步', '1', '同步', 1, 1, 'admin', '2019-05-15 15:28:15', NULL, NULL);
INSERT INTO `t_sys_dict_item` VALUES ('bcec04526b04307e24a005d6dcd27fd6', '880a895c98afeca9d9ac39f29e67c13e', '导入', '5', '', 5, 1, 'admin', '2019-07-22 12:06:41', NULL, NULL);
INSERT INTO `t_sys_dict_item` VALUES ('c53da022b9912e0aed691bbec3c78473', '880a895c98afeca9d9ac39f29e67c13e', '查询', '1', '', 1, 1, 'admin', '2019-07-22 10:54:51', NULL, NULL);
INSERT INTO `t_sys_dict_item` VALUES ('c5700a71ad08994d18ad1dacc37a71a9', 'a7adbcd86c37f7dbc9b66945c82ef9e6', '否', '0', '', 1, 1, 'admin', '2019-05-22 19:29:55', NULL, NULL);
INSERT INTO `t_sys_dict_item` VALUES ('cbfcc5b88fc3a90975df23ffc8cbe29c', 'c5a14c75172783d72cbee6ee7f5df5d1', '曲线图', 'line', NULL, 2, 1, 'admin', '2019-05-12 17:05:30', 'admin', '2019-04-12 17:06:06');
INSERT INTO `t_sys_dict_item` VALUES ('d217592908ea3e00ff986ce97f24fb98', 'c5a14c75172783d72cbee6ee7f5df5d1', '数据列表', 'table', NULL, 4, 1, 'admin', '2019-04-12 17:05:56', NULL, NULL);
INSERT INTO `t_sys_dict_item` VALUES ('df168368dcef46cade2aadd80100d8aa', '3d9a351be3436fbefb1307d4cfb49bf2', '男', '1', NULL, 1, 1, NULL, '2027-08-04 14:56:49', 'admin', '2019-03-23 22:44:44');
INSERT INTO `t_sys_dict_item` VALUES ('e6329e3a66a003819e2eb830b0ca2ea0', '4e4602b3e3686f0911384e188dc7efb4', '小于', '<', '小于', 2, 1, 'admin', '2019-04-01 16:44:15', 'admin', '2019-04-01 17:48:34');
INSERT INTO `t_sys_dict_item` VALUES ('e94eb7af89f1dbfa0d823580a7a6e66a', '236e8a4baff0db8c62c00dd95632834f', '不同步', '0', '不同步', 2, 1, 'admin', '2019-05-15 15:28:28', NULL, NULL);
INSERT INTO `t_sys_dict_item` VALUES ('f0162f4cc572c9273f3e26b2b4d8c082', 'ad7c65ba97c20a6805d5dcdf13cdaf36', 'booostrap', '1', NULL, 1, 1, 'admin', '2021-08-22 16:32:04', 'admin', '2019-03-22 16:33:57');
INSERT INTO `t_sys_dict_item` VALUES ('f16c5706f3ae05c57a53850c64ce7c45', 'a9d9942bd0eccb6e89de92d130ec4c4a', '发送成功', '1', NULL, 2, 1, 'admin', '2019-04-12 18:19:43', NULL, NULL);
INSERT INTO `t_sys_dict_item` VALUES ('f2a7920421f3335afdf6ad2b342f6b5d', '845da5006c97754728bf48b6a10f79cc', '冻结', '2', NULL, NULL, 1, 'admin', '2019-03-18 21:46:02', NULL, NULL);
INSERT INTO `t_sys_dict_item` VALUES ('f37f90c496ec9841c4c326b065e00bb2', '83bfb33147013cc81640d5fd9eda030c', '登录日志', '1', NULL, NULL, 1, 'admin', '2019-03-18 23:22:37', NULL, NULL);
INSERT INTO `t_sys_dict_item` VALUES ('f753aff60ff3931c0ecb4812d8b5e643', '4c03fca6bf1f0299c381213961566349', '双排布局', 'double', NULL, 3, 1, 'admin', '2019-04-12 17:43:51', NULL, NULL);
INSERT INTO `t_sys_dict_item` VALUES ('f80a8f6838215753b05e1a5ba3346d22', '880a895c98afeca9d9ac39f29e67c13e', '删除', '4', '', 4, 1, 'admin', '2019-07-22 10:55:14', 'admin', '2019-07-22 10:55:30');
INSERT INTO `t_sys_dict_item` VALUES ('fcec03570f68a175e1964808dc3f1c91', '4c03fca6bf1f0299c381213961566349', 'Tab风格', 'tab', NULL, 1, 1, 'admin', '2019-04-12 17:43:31', NULL, NULL);
INSERT INTO `t_sys_dict_item` VALUES ('fe50b23ae5e68434def76f67cef35d2d', '78bda155fe380b1b3f175f1e88c284c6', '已作废', '4', '已作废', 4, 1, 'admin', '2021-09-09 16:33:43', 'admin', '2019-05-09 16:34:40');

-- ----------------------------
-- Records of t_sys_value_gen_rule
-- ----------------------------
INSERT INTO `t_sys_value_gen_rule` VALUES ('1202551334738382850', '机构编码生成', 'org_num_role', 'org.jeecg.modules.system.rule.OrgCodeRule', '{\"parentId\":\"c6d7cb4deeac411cb3384b1b31278596\"}', 'admin', '2019-12-09 10:37:06', 'admin', '2019-12-05 19:32:35');
INSERT INTO `t_sys_value_gen_rule` VALUES ('1202787623203065858', '分类字典编码生成', 'category_code_rule', 'org.jeecg.modules.system.rule.CategoryCodeRule', '{\"pid\":\"\"}', 'admin', '2019-12-09 10:36:54', 'admin', '2019-12-06 11:11:31');

-- ----------------------------
-- Records of sys_permission
-- ----------------------------
INSERT INTO `t_sys_permission` VALUES ('00a2a0ae65cdca5e93209cdbde97cbe6', '2e42e3835c2b44ec9f7bc26c146ee531', '成功', '/result/success', 'result/Success', NULL, NULL, 1, NULL, NULL, 1.00, NULL, NULL, 1, 1, NULL, NULL, NULL, NULL, '2018-12-25 20:34:38', NULL, NULL, 0, 0, NULL, NULL);
INSERT INTO `t_sys_permission` VALUES ('020b06793e4de2eee0007f603000c769', 'f0675b52d89100ee88472b6800754a08', 'ViserChartDemo', '/report/ViserChartDemo', 'jeecg/report/ViserChartDemo', NULL, NULL, 1, NULL, NULL, 3.00, 0, NULL, 1, 1, NULL, 0, NULL, 'admin', '2019-04-03 19:08:53', 'admin', '2019-04-03 19:08:53', 0, 0, NULL, NULL);
INSERT INTO `t_sys_permission` VALUES ('024f1fd1283dc632458976463d8984e1', '700b7f95165c46cc7a78bf227aa8fed3', 'Tomcat信息', '/monitor/TomcatInfo', 'modules/monitor/TomcatInfo', NULL, NULL, 1, NULL, NULL, 4.00, 0, NULL, 1, 1, NULL, 0, NULL, 'admin', '2019-04-02 09:44:29', 'admin', '2019-05-07 15:19:10', 0, 0, NULL, NULL);
INSERT INTO `t_sys_permission` VALUES ('043780fa095ff1b2bec4dc406d76f023', '2a470fc0c3954d9dbb61de6d80846549', '表格合计', '/jeecg/tableTotal', 'jeecg/TableTotal', NULL, NULL, 1, NULL, '1', 3.00, 0, NULL, 1, 1, 0, 0, NULL, 'admin', '2019-08-14 10:28:46', NULL, NULL, 0, 0, '1', NULL);
INSERT INTO `t_sys_permission` VALUES ('05b3c82ddb2536a4a5ee1a4c46b5abef', '540a2936940846cb98114ffb0d145cb8', '用户列表', '/list/user-list', 'list/UserList', NULL, NULL, 1, NULL, NULL, 3.00, NULL, NULL, 1, 1, NULL, NULL, NULL, NULL, '2018-12-25 20:34:38', NULL, NULL, 0, 0, NULL, NULL);
INSERT INTO `t_sys_permission` VALUES ('0620e402857b8c5b605e1ad9f4b89350', '2a470fc0c3954d9dbb61de6d80846549', '异步树列表Demo', '/jeecg/JeecgTreeTable', 'jeecg/JeecgTreeTable', NULL, NULL, 1, NULL, '0', 3.00, 0, NULL, 1, 1, NULL, 0, NULL, 'admin', '2019-05-13 17:30:30', 'admin', '2019-05-13 17:32:17', 0, 0, '1', NULL);
INSERT INTO `t_sys_permission` VALUES ('078f9558cdeab239aecb2bda1a8ed0d1', 'fb07ca05a3e13674dbf6d3245956da2e', '搜索列表（文章）', '/list/search/article', 'list/TableList', NULL, NULL, 1, NULL, NULL, 1.00, 0, NULL, 1, 1, NULL, 0, NULL, 'admin', '2019-02-12 14:00:34', 'admin', '2019-02-12 14:17:54', 0, 0, NULL, NULL);
INSERT INTO `t_sys_permission` VALUES ('08e6b9dc3c04489c8e1ff2ce6f105aa4', '', '系统监控', '/dashboard3', 'layouts/RouteView', NULL, NULL, 0, NULL, NULL, 6.00, 0, 'dashboard', 1, 0, NULL, 0, NULL, NULL, '2018-12-25 20:34:38', 'admin', '2019-03-31 22:19:58', 0, 0, NULL, NULL);
INSERT INTO `t_sys_permission` VALUES ('0ac2ad938963b6c6d1af25477d5b8b51', '8d4683aacaa997ab86b966b464360338', '代码生成按钮', NULL, NULL, NULL, NULL, 2, 'online:goGenerateCode', '1', 1.00, 0, NULL, 1, 1, NULL, 0, NULL, 'admin', '2019-06-11 14:20:09', NULL, NULL, 0, 0, '1', NULL);
INSERT INTO `t_sys_permission` VALUES ('109c78a583d4693ce2f16551b7786786', 'e41b69c57a941a3bbcce45032fe57605', 'Online报表配置', '/online/cgreport', 'modules/online/cgreport/OnlCgreportHeadList', NULL, NULL, 1, NULL, NULL, 2.00, 0, NULL, 1, 1, NULL, 0, NULL, 'admin', '2019-03-08 10:51:07', 'admin', '2019-03-30 19:04:28', 0, 0, NULL, NULL);
INSERT INTO `t_sys_permission` VALUES ('1166535831146504193', '2a470fc0c3954d9dbb61de6d80846549', '对象存储', '/oss/file', 'modules/oss/OSSFileList', NULL, NULL, 1, NULL, '1', 1.00, 0, '', 1, 1, 0, 0, NULL, 'admin', '2019-08-28 02:19:50', 'admin', '2019-08-28 02:20:57', 0, 0, '1', NULL);
INSERT INTO `t_sys_permission` VALUES ('1170592628746878978', 'd7d6e2e4e2934f2c9385a623fd98c6f3', '菜单管理2', '/isystem/newPermissionList', 'system/NewPermissionList', NULL, NULL, 1, NULL, '1', 100.00, 0, NULL, 1, 1, 0, 0, NULL, 'admin', '2019-09-08 15:00:05', 'admin', '2019-12-25 09:58:18', 0, 0, '1', 0);
INSERT INTO `t_sys_permission` VALUES ('1174506953255182338', 'd7d6e2e4e2934f2c9385a623fd98c6f3', '职务管理', '/isystem/position', 'system/SysPositionList', NULL, NULL, 1, NULL, '1', 2.00, 0, NULL, 1, 1, 0, 0, NULL, 'admin', '2019-09-19 10:14:13', 'admin', '2019-09-19 10:15:22', 0, 0, '1', 0);
INSERT INTO `t_sys_permission` VALUES ('1174590283938041857', 'd7d6e2e4e2934f2c9385a623fd98c6f3', '通讯录', '/isystem/addressList', 'system/AddressList', NULL, NULL, 1, NULL, '1', 3.00, 0, NULL, 1, 1, 0, 0, NULL, 'admin', '2019-09-19 15:45:21', NULL, NULL, 0, 0, '1', 0);
INSERT INTO `t_sys_permission` VALUES ('1192318987661234177', 'e41b69c57a941a3bbcce45032fe57605', '系统编码生成规则', '/isystem/fillRule', 'system/SysFillRuleList', NULL, NULL, 1, NULL, '1', 3.00, 0, NULL, 1, 1, 0, 0, NULL, 'admin', '2019-11-07 13:52:53', 'admin', '2020-02-23 22:42:30', 0, 0, '1', 0);
INSERT INTO `t_sys_permission` VALUES ('1205097455226462210', '', '大屏设计', '/big/screen', 'layouts/RouteView', NULL, NULL, 0, NULL, '1', 1.10, 0, 'area-chart', 1, 0, 0, 0, NULL, 'admin', '2019-12-12 20:09:58', 'admin', '2020-02-23 23:17:59', 0, 0, '1', 0);
INSERT INTO `t_sys_permission` VALUES ('1205098241075453953', '1205097455226462210', '生产销售监控', '{{ window._CONFIG[\'domianURL\'] }}/big/screen/templat/index1', 'layouts/IframePageView', NULL, NULL, 1, NULL, '1', 1.00, 0, NULL, 1, 1, 0, 0, NULL, 'admin', '2019-12-12 20:13:05', 'admin', '2019-12-12 20:15:27', 0, 0, '1', 1);
INSERT INTO `t_sys_permission` VALUES ('1205306106780364802', '1205097455226462210', '智慧物流监控', '{{ window._CONFIG[\'domianURL\'] }}/big/screen/templat/index2', 'layouts/IframePageView', NULL, NULL, 1, NULL, '1', 2.00, 0, NULL, 1, 1, 0, 0, NULL, 'admin', '2019-12-13 09:59:04', 'admin', '2019-12-25 09:28:03', 0, 0, '1', 0);
INSERT INTO `t_sys_permission` VALUES ('1209731624921534465', 'e41b69c57a941a3bbcce45032fe57605', '多数据源管理', '/isystem/dataSource', 'system/SysDataSourceList', NULL, NULL, 1, NULL, '1', 6.00, 0, NULL, 1, 1, 0, 0, NULL, 'admin', '2019-12-25 15:04:30', 'admin', '2020-02-23 22:43:37', 0, 0, '1', 0);
INSERT INTO `t_sys_permission` VALUES ('1224641973866467330', 'e41b69c57a941a3bbcce45032fe57605', '系统编码校验规则', '/isystem/checkRule', 'system/SysCheckRuleList', NULL, NULL, 1, NULL, '1', 5.00, 0, NULL, 1, 1, 0, 0, NULL, 'admin', '2019-11-07 13:52:53', 'admin', '2020-02-23 22:43:05', 0, 0, '1', 0);
INSERT INTO `t_sys_permission` VALUES ('1229674163694841857', 'e41b69c57a941a3bbcce45032fe57605', 'AUTO在线表单ERP', '/online/cgformErpList/:code', 'modules/online/cgform/auto/erp/OnlCgformErpList', NULL, NULL, 1, NULL, '1', 5.00, 0, NULL, 1, 1, 0, 1, NULL, 'admin', '2020-02-18 15:49:00', 'admin', '2020-02-18 15:52:25', 0, 0, '1', 0);
INSERT INTO `t_sys_permission` VALUES ('13212d3416eb690c2e1d5033166ff47a', '2e42e3835c2b44ec9f7bc26c146ee531', '失败', '/result/fail', 'result/Error', NULL, NULL, 1, NULL, NULL, 2.00, NULL, NULL, 1, 1, NULL, NULL, NULL, NULL, '2018-12-25 20:34:38', NULL, NULL, 0, 0, NULL, NULL);
INSERT INTO `t_sys_permission` VALUES ('1367a93f2c410b169faa7abcbad2f77c', '6e73eb3c26099c191bf03852ee1310a1', '基本设置', '/account/settings/base', 'account/settings/BaseSetting', NULL, NULL, 1, 'BaseSettings', NULL, NULL, 0, NULL, 1, 1, NULL, 1, NULL, NULL, '2018-12-26 18:58:35', 'admin', '2019-03-20 12:57:31', 0, 0, NULL, NULL);
INSERT INTO `t_sys_permission` VALUES ('190c2b43bec6a5f7a4194a85db67d96a', 'd7d6e2e4e2934f2c9385a623fd98c6f3', '角色管理', '/isystem/roleUserList', 'system/RoleUserList', NULL, NULL, 1, NULL, NULL, 1.20, 0, NULL, 1, 1, 0, 0, NULL, 'admin', '2019-04-17 15:13:56', 'admin', '2019-12-25 09:36:31', 0, 0, NULL, 0);
INSERT INTO `t_sys_permission` VALUES ('1a0811914300741f4e11838ff37a1d3a', '3f915b2769fc80648e92d04e84ca059d', '手机号禁用', NULL, NULL, NULL, NULL, 2, 'user:form:phone', '2', 1.00, 0, NULL, 0, 1, NULL, 0, NULL, 'admin', '2019-05-11 17:19:30', 'admin', '2019-05-11 18:00:22', 0, 0, '1', NULL);
INSERT INTO `t_sys_permission` VALUES ('200006f0edf145a2b50eacca07585451', 'fb07ca05a3e13674dbf6d3245956da2e', '搜索列表（应用）', '/list/search/application', 'list/TableList', NULL, NULL, 1, NULL, NULL, 1.00, 0, NULL, 1, 1, NULL, 0, NULL, 'admin', '2019-02-12 14:02:51', 'admin', '2019-02-12 14:14:01', 0, 0, NULL, NULL);
INSERT INTO `t_sys_permission` VALUES ('22d6a3d39a59dd7ea9a30acfa6bfb0a5', 'e41b69c57a941a3bbcce45032fe57605', 'AUTO动态表单', '/online/df/:table/:id', 'modules/online/cgform/auto/OnlineDynamicForm', NULL, NULL, 1, NULL, NULL, 9.00, 0, NULL, 0, 1, NULL, 1, NULL, 'admin', '2019-04-22 15:15:43', 'admin', '2019-04-30 18:18:26', 0, 0, NULL, NULL);
INSERT INTO `t_sys_permission` VALUES ('265de841c58907954b8877fb85212622', '2a470fc0c3954d9dbb61de6d80846549', '图片拖拽排序', '/jeecg/imgDragSort', 'jeecg/ImgDragSort', NULL, NULL, 1, NULL, NULL, 4.00, 0, NULL, 1, 1, NULL, 0, NULL, 'admin', '2019-04-25 10:43:08', 'admin', '2019-04-25 10:46:26', 0, 0, NULL, NULL);
INSERT INTO `t_sys_permission` VALUES ('277bfabef7d76e89b33062b16a9a5020', 'e3c13679c73a4f829bcff2aba8fd68b1', '基础表单', '/form/base-form', 'form/BasicForm', NULL, NULL, 1, NULL, NULL, 1.00, 0, NULL, 1, 0, NULL, 0, NULL, NULL, '2018-12-25 20:34:38', 'admin', '2019-02-26 17:02:08', 0, 0, NULL, NULL);
INSERT INTO `t_sys_permission` VALUES ('2a470fc0c3954d9dbb61de6d80846549', '', '常见案例', '/jeecg', 'layouts/RouteView', NULL, NULL, 0, NULL, NULL, 7.00, 0, 'qrcode', 1, 0, NULL, 0, NULL, NULL, '2018-12-25 20:34:38', 'admin', '2019-04-02 11:46:42', 0, 0, NULL, NULL);
INSERT INTO `t_sys_permission` VALUES ('2aeddae571695cd6380f6d6d334d6e7d', 'f0675b52d89100ee88472b6800754a08', '布局统计报表', '/report/ArchivesStatisticst', 'jeecg/report/ArchivesStatisticst', NULL, NULL, 1, NULL, NULL, 1.00, 0, NULL, 1, 1, NULL, 0, NULL, 'admin', '2019-04-03 18:32:48', NULL, NULL, 0, 0, NULL, NULL);
INSERT INTO `t_sys_permission` VALUES ('2dbbafa22cda07fa5d169d741b81fe12', '08e6b9dc3c04489c8e1ff2ce6f105aa4', '在线文档', '{{ window._CONFIG[\'domianURL\'] }}/doc.html', 'layouts/IframePageView', NULL, NULL, 1, NULL, NULL, 3.00, 0, NULL, 1, 1, NULL, 0, NULL, 'admin', '2019-01-30 10:00:01', 'admin', '2019-03-23 19:44:43', 0, 0, NULL, NULL);
INSERT INTO `t_sys_permission` VALUES ('2e42e3835c2b44ec9f7bc26c146ee531', '', '结果页', '/result', 'layouts/PageView', NULL, NULL, 0, NULL, NULL, 8.00, 0, 'check-circle-o', 1, 0, NULL, 0, NULL, NULL, '2018-12-25 20:34:38', 'admin', '2019-04-02 11:46:56', 0, 0, NULL, NULL);
INSERT INTO `t_sys_permission` VALUES ('339329ed54cf255e1f9392e84f136901', '2a470fc0c3954d9dbb61de6d80846549', 'helloworld', '/jeecg/helloworld', 'jeecg/helloworld', NULL, NULL, 1, NULL, NULL, 4.00, 0, NULL, 1, 1, NULL, 0, NULL, NULL, '2018-12-25 20:34:38', 'admin', '2019-02-15 16:24:56', 0, 0, NULL, NULL);
INSERT INTO `t_sys_permission` VALUES ('3f915b2769fc80648e92d04e84ca059d', 'd7d6e2e4e2934f2c9385a623fd98c6f3', '用户管理', '/isystem/user', 'system/UserList', NULL, NULL, 1, NULL, NULL, 1.10, 0, NULL, 1, 0, 0, 0, NULL, NULL, '2018-12-25 20:34:38', 'admin', '2019-12-25 09:36:24', 0, 0, NULL, 0);
INSERT INTO `t_sys_permission` VALUES ('3fac0d3c9cd40fa53ab70d4c583821f8', '2a470fc0c3954d9dbb61de6d80846549', '分屏', '/jeecg/splitPanel', 'jeecg/SplitPanel', NULL, NULL, 1, NULL, NULL, 6.00, 0, NULL, 1, 1, NULL, 0, NULL, 'admin', '2019-04-25 16:27:06', NULL, NULL, 0, 0, NULL, NULL);
INSERT INTO `t_sys_permission` VALUES ('4148ec82b6acd69f470bea75fe41c357', '2a470fc0c3954d9dbb61de6d80846549', '单表模型示例', '/jeecg/jeecgDemoList', 'jeecg/JeecgDemoList', 'DemoList', NULL, 1, NULL, NULL, 1.00, 0, NULL, 1, 1, NULL, 0, NULL, NULL, '2018-12-28 15:57:30', 'admin', '2019-02-15 16:24:37', 0, 0, NULL, NULL);
INSERT INTO `t_sys_permission` VALUES ('418964ba087b90a84897b62474496b93', '540a2936940846cb98114ffb0d145cb8', '查询表格', '/list/query-list', 'list/TableList', NULL, NULL, 1, NULL, NULL, 1.00, NULL, NULL, 1, 1, NULL, NULL, NULL, NULL, '2018-12-25 20:34:38', NULL, NULL, 0, 0, NULL, NULL);
INSERT INTO `t_sys_permission` VALUES ('4356a1a67b564f0988a484f5531fd4d9', '2a470fc0c3954d9dbb61de6d80846549', '内嵌Table', '/jeecg/TableExpandeSub', 'jeecg/TableExpandeSub', NULL, NULL, 1, NULL, NULL, 1.00, 0, NULL, 1, 1, NULL, 0, NULL, 'admin', '2019-04-04 22:48:13', NULL, NULL, 0, 0, NULL, NULL);
INSERT INTO `t_sys_permission` VALUES ('45c966826eeff4c99b8f8ebfe74511fc', 'd7d6e2e4e2934f2c9385a623fd98c6f3', '部门管理', '/isystem/depart', 'system/DepartList', NULL, NULL, 1, NULL, NULL, 1.40, 0, NULL, 1, 1, 0, 0, NULL, 'admin', '2019-01-29 18:47:40', 'admin', '2019-12-25 09:36:47', 0, 0, NULL, 0);
INSERT INTO `t_sys_permission` VALUES ('4875ebe289344e14844d8e3ea1edd73f', '', '详情页', '/profile', 'layouts/RouteView', NULL, NULL, 0, NULL, NULL, 8.00, 0, 'profile', 1, 0, NULL, 0, NULL, NULL, '2018-12-25 20:34:38', 'admin', '2019-04-02 11:46:48', 0, 0, NULL, NULL);
INSERT INTO `t_sys_permission` VALUES ('4f66409ef3bbd69c1d80469d6e2a885e', '6e73eb3c26099c191bf03852ee1310a1', '账户绑定', '/account/settings/binding', 'account/settings/Binding', NULL, NULL, 1, 'BindingSettings', NULL, NULL, NULL, NULL, 1, 1, NULL, NULL, NULL, NULL, '2018-12-26 19:01:20', NULL, NULL, 0, 0, NULL, NULL);
INSERT INTO `t_sys_permission` VALUES ('4f84f9400e5e92c95f05b554724c2b58', '540a2936940846cb98114ffb0d145cb8', '角色列表', '/list/role-list', 'list/RoleList', NULL, NULL, 1, NULL, NULL, 4.00, NULL, NULL, 1, 1, NULL, NULL, NULL, NULL, '2018-12-25 20:34:38', NULL, NULL, 0, 0, NULL, NULL);
INSERT INTO `t_sys_permission` VALUES ('53a9230444d33de28aa11cc108fb1dba', '5c8042bd6c601270b2bbd9b20bccc68b', '我的消息', '/isps/userAnnouncement', 'system/UserAnnouncementList', NULL, NULL, 1, NULL, NULL, 3.00, 0, NULL, 1, 1, 0, 0, NULL, 'admin', '2019-04-19 10:16:00', 'admin', '2019-12-25 09:54:34', 0, 0, NULL, 0);
INSERT INTO `t_sys_permission` VALUES ('54097c6a3cf50fad0793a34beff1efdf', 'e41b69c57a941a3bbcce45032fe57605', 'AUTO在线表单', '/online/cgformList/:code', 'modules/online/cgform/auto/OnlCgformAutoList', NULL, NULL, 1, NULL, NULL, 9.00, 0, NULL, 1, 1, NULL, 1, NULL, 'admin', '2019-03-19 16:03:06', 'admin', '2019-04-30 18:19:03', 0, 0, NULL, NULL);
INSERT INTO `t_sys_permission` VALUES ('540a2936940846cb98114ffb0d145cb8', '', '列表页', '/list', 'layouts/PageView', NULL, '/list/query-list', 0, NULL, NULL, 9.00, 0, 'table', 1, 0, NULL, 0, NULL, NULL, '2018-12-25 20:34:38', 'admin', '2019-03-31 22:20:20', 0, 0, NULL, NULL);
INSERT INTO `t_sys_permission` VALUES ('54dd5457a3190740005c1bfec55b1c34', 'd7d6e2e4e2934f2c9385a623fd98c6f3', '菜单管理', '/isystem/permission', 'system/PermissionList', NULL, NULL, 1, NULL, NULL, 1.30, 0, NULL, 1, 1, 0, 0, NULL, NULL, '2018-12-25 20:34:38', 'admin', '2019-12-25 09:36:39', 0, 0, NULL, 0);
INSERT INTO `t_sys_permission` VALUES ('58857ff846e61794c69208e9d3a85466', '08e6b9dc3c04489c8e1ff2ce6f105aa4', '日志管理', '/isystem/log', 'system/LogList', NULL, NULL, 1, NULL, NULL, 1.00, 0, '', 1, 1, NULL, 0, NULL, NULL, '2018-12-26 10:11:18', 'admin', '2019-04-02 11:38:17', 0, 0, NULL, NULL);
INSERT INTO `t_sys_permission` VALUES ('58b9204feaf07e47284ddb36cd2d8468', '2a470fc0c3954d9dbb61de6d80846549', '图片翻页', '/jeecg/imgTurnPage', 'jeecg/ImgTurnPage', NULL, NULL, 1, NULL, NULL, 4.00, 0, NULL, 1, 1, NULL, 0, NULL, 'admin', '2019-04-25 11:36:42', NULL, NULL, 0, 0, NULL, NULL);
INSERT INTO `t_sys_permission` VALUES ('5c2f42277948043026b7a14692456828', 'd7d6e2e4e2934f2c9385a623fd98c6f3', '我的部门', '/isystem/departUserList', 'system/DepartUserList', NULL, NULL, 1, NULL, NULL, 2.00, 0, NULL, 1, 1, 0, 0, NULL, 'admin', '2019-04-17 15:12:24', 'admin', '2019-12-25 09:35:26', 0, 0, NULL, 0);
INSERT INTO `t_sys_permission` VALUES ('5c8042bd6c601270b2bbd9b20bccc68b', '', '消息中心', '/message', 'layouts/RouteView', NULL, NULL, 0, NULL, NULL, 6.00, 0, 'message', 1, 0, NULL, 0, NULL, 'admin', '2019-04-09 11:05:04', 'admin', '2019-04-11 19:47:54', 0, 0, NULL, NULL);
INSERT INTO `t_sys_permission` VALUES ('6531cf3421b1265aeeeabaab5e176e6d', 'e3c13679c73a4f829bcff2aba8fd68b1', '分步表单', '/form/step-form', 'form/stepForm/StepForm', NULL, NULL, 1, NULL, NULL, 2.00, NULL, NULL, 1, 1, NULL, NULL, NULL, NULL, '2018-12-25 20:34:38', NULL, NULL, 0, 0, NULL, NULL);
INSERT INTO `t_sys_permission` VALUES ('655563cd64b75dcf52ef7bcdd4836953', '2a470fc0c3954d9dbb61de6d80846549', '图片预览', '/jeecg/ImagPreview', 'jeecg/ImagPreview', NULL, NULL, 1, NULL, NULL, 1.00, 0, NULL, 1, 1, NULL, 0, NULL, 'admin', '2019-04-17 11:18:45', NULL, NULL, 0, 0, NULL, NULL);
INSERT INTO `t_sys_permission` VALUES ('65a8f489f25a345836b7f44b1181197a', 'c65321e57b7949b7a975313220de0422', '403', '/exception/403', 'exception/403', NULL, NULL, 1, NULL, NULL, 1.00, NULL, NULL, 1, 1, NULL, NULL, NULL, NULL, '2018-12-25 20:34:38', NULL, NULL, 0, 0, NULL, NULL);
INSERT INTO `t_sys_permission` VALUES ('6ad53fd1b220989a8b71ff482d683a5a', '2a470fc0c3954d9dbb61de6d80846549', '一对多Tab示例', '/jeecg/tablist/JeecgOrderDMainList', 'jeecg/tablist/JeecgOrderDMainList', NULL, NULL, 1, NULL, NULL, 2.00, 0, NULL, 1, 1, NULL, 0, NULL, 'admin', '2019-02-20 14:45:09', 'admin', '2019-02-21 16:26:21', 0, 0, NULL, NULL);
INSERT INTO `t_sys_permission` VALUES ('6e73eb3c26099c191bf03852ee1310a1', '717f6bee46f44a3897eca9abd6e2ec44', '个人设置', '/account/settings/base', 'account/settings/Index', NULL, NULL, 1, NULL, NULL, 2.00, 1, NULL, 1, 0, NULL, 0, NULL, NULL, '2018-12-25 20:34:38', 'admin', '2019-04-19 09:41:05', 0, 0, NULL, NULL);
INSERT INTO `t_sys_permission` VALUES ('700b7f95165c46cc7a78bf227aa8fed3', '08e6b9dc3c04489c8e1ff2ce6f105aa4', '性能监控', '/monitor', 'layouts/RouteView', NULL, NULL, 1, NULL, NULL, 0.00, 0, NULL, 1, 0, NULL, 0, NULL, 'admin', '2019-04-02 11:34:34', 'admin', '2019-05-05 17:49:47', 0, 0, NULL, NULL);
INSERT INTO `t_sys_permission` VALUES ('717f6bee46f44a3897eca9abd6e2ec44', '', '个人页', '/account', 'layouts/RouteView', NULL, NULL, 0, NULL, NULL, 9.00, 0, 'user', 1, 0, 0, 1, NULL, NULL, '2018-12-25 20:34:38', 'admin', '2020-02-23 22:41:37', 0, 0, NULL, 0);
INSERT INTO `t_sys_permission` VALUES ('73678f9daa45ed17a3674131b03432fb', '540a2936940846cb98114ffb0d145cb8', '权限列表', '/list/permission-list', 'list/PermissionList', NULL, NULL, 1, NULL, NULL, 5.00, NULL, NULL, 1, 1, NULL, NULL, NULL, NULL, '2018-12-25 20:34:38', NULL, NULL, 0, 0, NULL, NULL);
INSERT INTO `t_sys_permission` VALUES ('7593c9e3523a17bca83b8d7fe8a34e58', '3f915b2769fc80648e92d04e84ca059d', '添加用户按钮', '', NULL, NULL, NULL, 2, 'user:add', '1', 1.00, 0, NULL, 1, 1, NULL, 0, NULL, 'admin', '2019-03-16 11:20:33', 'admin', '2019-05-17 18:31:25', 0, 0, '1', NULL);
INSERT INTO `t_sys_permission` VALUES ('7960961b0063228937da5fa8dd73d371', '2a470fc0c3954d9dbb61de6d80846549', 'JEditableTable示例', '/jeecg/JEditableTable', 'jeecg/JeecgEditableTableExample', NULL, NULL, 1, NULL, NULL, 2.10, 0, NULL, 1, 1, 0, 0, NULL, 'admin', '2019-03-22 15:22:18', 'admin', '2019-12-25 09:48:16', 0, 0, NULL, 0);
INSERT INTO `t_sys_permission` VALUES ('7ac9eb9ccbde2f7a033cd4944272bf1e', '540a2936940846cb98114ffb0d145cb8', '卡片列表', '/list/card', 'list/CardList', NULL, NULL, 1, NULL, NULL, 7.00, NULL, NULL, 1, 1, NULL, NULL, NULL, NULL, '2018-12-25 20:34:38', NULL, NULL, 0, 0, NULL, NULL);
INSERT INTO `t_sys_permission` VALUES ('841057b8a1bef8f6b4b20f9a618a7fa6', '08e6b9dc3c04489c8e1ff2ce6f105aa4', '数据日志', '/sys/dataLog-list', 'system/DataLogList', NULL, NULL, 1, NULL, NULL, 1.00, 0, NULL, 1, 1, NULL, 0, NULL, 'admin', '2019-03-11 19:26:49', 'admin', '2019-03-12 11:40:47', 0, 0, NULL, NULL);
INSERT INTO `t_sys_permission` VALUES ('882a73768cfd7f78f3a37584f7299656', '6e73eb3c26099c191bf03852ee1310a1', '个性化设置', '/account/settings/custom', 'account/settings/Custom', NULL, NULL, 1, 'CustomSettings', NULL, NULL, NULL, NULL, 1, 1, NULL, NULL, NULL, NULL, '2018-12-26 19:00:46', NULL, '2018-12-26 21:13:25', 0, 0, NULL, NULL);
INSERT INTO `t_sys_permission` VALUES ('8b3bff2eee6f1939147f5c68292a1642', '700b7f95165c46cc7a78bf227aa8fed3', '服务器信息', '/monitor/SystemInfo', 'modules/monitor/SystemInfo', NULL, NULL, 1, NULL, NULL, 4.00, 0, NULL, 1, 1, NULL, 0, NULL, 'admin', '2019-04-02 11:39:19', 'admin', '2019-04-02 15:40:02', 0, 0, NULL, NULL);
INSERT INTO `t_sys_permission` VALUES ('8d1ebd663688965f1fd86a2f0ead3416', '700b7f95165c46cc7a78bf227aa8fed3', 'Redis监控', '/monitor/redis/info', 'modules/monitor/RedisInfo', NULL, NULL, 1, NULL, NULL, 1.00, 0, NULL, 1, 1, NULL, 0, NULL, 'admin', '2019-04-02 13:11:33', 'admin', '2019-05-07 15:18:54', 0, 0, NULL, NULL);
INSERT INTO `t_sys_permission` VALUES ('8d4683aacaa997ab86b966b464360338', 'e41b69c57a941a3bbcce45032fe57605', 'Online表单开发', '/online/cgform', 'modules/online/cgform/OnlCgformHeadList', NULL, NULL, 1, NULL, NULL, 1.00, 0, NULL, 1, 0, NULL, 0, NULL, 'admin', '2019-03-12 15:48:14', 'admin', '2019-06-11 14:19:17', 0, 0, NULL, NULL);
INSERT INTO `t_sys_permission` VALUES ('8fb8172747a78756c11916216b8b8066', '717f6bee46f44a3897eca9abd6e2ec44', '工作台', '/dashboard/workplace', 'dashboard/Workplace', NULL, NULL, 1, NULL, NULL, 3.00, 0, NULL, 1, 1, NULL, 0, NULL, NULL, '2018-12-25 20:34:38', 'admin', '2019-04-02 11:45:02', 0, 0, NULL, NULL);
INSERT INTO `t_sys_permission` VALUES ('944abf0a8fc22fe1f1154a389a574154', '5c8042bd6c601270b2bbd9b20bccc68b', '消息管理', '/modules/message/sysMessageList', 'modules/message/SysMessageList', NULL, NULL, 1, NULL, NULL, 1.00, 0, NULL, 1, 1, NULL, 0, NULL, 'admin', '2019-04-09 11:27:53', 'admin', '2019-04-09 19:31:23', 0, 0, NULL, NULL);
INSERT INTO `t_sys_permission` VALUES ('9502685863ab87f0ad1134142788a385', '', '首页', '/dashboard/analysis', 'dashboard/Analysis', NULL, NULL, 0, NULL, NULL, 0.00, 0, 'home', 1, 1, NULL, 0, NULL, NULL, '2018-12-25 20:34:38', 'admin', '2019-03-29 11:04:13', 0, 0, NULL, NULL);
INSERT INTO `t_sys_permission` VALUES ('97c8629abc7848eccdb6d77c24bb3ebb', '700b7f95165c46cc7a78bf227aa8fed3', '磁盘监控', '/monitor/Disk', 'modules/monitor/DiskMonitoring', NULL, NULL, 1, NULL, NULL, 6.00, 0, NULL, 1, 1, NULL, 0, NULL, 'admin', '2019-04-25 14:30:06', 'admin', '2019-05-05 14:37:14', 0, 0, NULL, NULL);
INSERT INTO `t_sys_permission` VALUES ('9a90363f216a6a08f32eecb3f0bf12a3', '2a470fc0c3954d9dbb61de6d80846549', '自定义组件', '/jeecg/SelectDemo', 'jeecg/SelectDemo', NULL, NULL, 1, NULL, NULL, 0.00, 0, NULL, 1, 1, 0, 0, NULL, 'admin', '2019-03-19 11:19:05', 'admin', '2019-12-25 09:47:04', 0, 0, NULL, 0);
INSERT INTO `t_sys_permission` VALUES ('9cb91b8851db0cf7b19d7ecc2a8193dd', '1939e035e803a99ceecb6f5563570fb2', '我的任务表单', '/modules/bpm/task/form/FormModule', 'modules/bpm/task/form/FormModule', NULL, NULL, 1, NULL, NULL, 1.00, 0, NULL, 1, 1, NULL, 0, NULL, 'admin', '2019-03-08 16:49:05', 'admin', '2019-03-08 18:37:56', 0, 0, NULL, NULL);
INSERT INTO `t_sys_permission` VALUES ('9fe26464838de2ea5e90f2367e35efa0', 'e41b69c57a941a3bbcce45032fe57605', 'AUTO在线报表', '/online/cgreport/:code', 'modules/online/cgreport/auto/OnlCgreportAutoList', 'onlineAutoList', NULL, 1, NULL, NULL, 9.00, 0, NULL, 1, 1, NULL, 1, NULL, 'admin', '2019-03-12 11:06:48', 'admin', '2019-04-30 18:19:10', 0, 0, NULL, NULL);
INSERT INTO `t_sys_permission` VALUES ('a400e4f4d54f79bf5ce160ae432231af', '2a470fc0c3954d9dbb61de6d80846549', '百度', 'http://www.baidu.com', 'layouts/IframePageView', NULL, NULL, 1, NULL, NULL, 4.00, 0, NULL, 1, 1, NULL, 0, NULL, 'admin', '2019-01-29 19:44:06', 'admin', '2019-02-15 16:25:02', 0, 0, NULL, NULL);
INSERT INTO `t_sys_permission` VALUES ('ae4fed059f67086fd52a73d913cf473d', '540a2936940846cb98114ffb0d145cb8', '内联编辑表格', '/list/edit-table', 'list/TableInnerEditList', NULL, NULL, 1, NULL, NULL, 2.00, NULL, NULL, 1, 1, NULL, NULL, NULL, NULL, '2018-12-25 20:34:38', NULL, NULL, 0, 0, NULL, NULL);
INSERT INTO `t_sys_permission` VALUES ('aedbf679b5773c1f25e9f7b10111da73', '08e6b9dc3c04489c8e1ff2ce6f105aa4', 'SQL监控', '{{ window._CONFIG[\'domianURL\'] }}/druid/', 'layouts/IframePageView', NULL, NULL, 1, NULL, NULL, 1.00, 0, NULL, 1, 1, NULL, 0, NULL, 'admin', '2019-01-30 09:43:22', 'admin', '2019-03-23 19:00:46', 0, 0, NULL, NULL);
INSERT INTO `t_sys_permission` VALUES ('b1cb0a3fedf7ed0e4653cb5a229837ee', '08e6b9dc3c04489c8e1ff2ce6f105aa4', '定时任务', '/isystem/QuartzJobList', 'system/QuartzJobList', NULL, NULL, 1, NULL, NULL, 3.00, 0, NULL, 1, 1, NULL, 0, NULL, NULL, '2019-01-03 09:38:52', 'admin', '2019-04-02 10:24:13', 0, 0, NULL, NULL);
INSERT INTO `t_sys_permission` VALUES ('b3c824fc22bd953e2eb16ae6914ac8f9', '4875ebe289344e14844d8e3ea1edd73f', '高级详情页', '/profile/advanced', 'profile/advanced/Advanced', NULL, NULL, 1, NULL, NULL, 2.00, NULL, NULL, 1, 1, NULL, NULL, NULL, NULL, '2018-12-25 20:34:38', NULL, NULL, 0, 0, NULL, NULL);
INSERT INTO `t_sys_permission` VALUES ('b4dfc7d5dd9e8d5b6dd6d4579b1aa559', 'c65321e57b7949b7a975313220de0422', '500', '/exception/500', 'exception/500', NULL, NULL, 1, NULL, NULL, 3.00, NULL, NULL, 1, 1, NULL, NULL, NULL, NULL, '2018-12-25 20:34:38', NULL, NULL, 0, 0, NULL, NULL);
INSERT INTO `t_sys_permission` VALUES ('b6bcee2ccc854052d3cc3e9c96d90197', '71102b3b87fb07e5527bbd2c530dd90a', '加班申请', '/modules/extbpm/joa/JoaOvertimeList', 'modules/extbpm/joa/JoaOvertimeList', NULL, NULL, 1, NULL, NULL, 1.00, 0, NULL, 1, 1, NULL, 0, NULL, 'admin', '2019-04-03 15:33:10', 'admin', '2019-04-03 15:34:48', 0, 0, NULL, NULL);
INSERT INTO `t_sys_permission` VALUES ('c431130c0bc0ec71b0a5be37747bb36a', '2a470fc0c3954d9dbb61de6d80846549', '一对多JEditable', '/jeecg/JeecgOrderMainListForJEditableTable', 'jeecg/JeecgOrderMainListForJEditableTable', NULL, NULL, 1, NULL, NULL, 3.00, 0, NULL, 1, 1, NULL, 0, NULL, 'admin', '2019-03-29 10:51:59', 'admin', '2019-04-04 20:09:39', 0, 0, NULL, NULL);
INSERT INTO `t_sys_permission` VALUES ('c65321e57b7949b7a975313220de0422', NULL, '异常页', '/exception', 'layouts/RouteView', NULL, NULL, 0, NULL, NULL, 8.00, NULL, 'warning', 1, 0, NULL, NULL, NULL, NULL, '2018-12-25 20:34:38', NULL, NULL, 0, 0, NULL, NULL);
INSERT INTO `t_sys_permission` VALUES ('c6cf95444d80435eb37b2f9db3971ae6', '2a470fc0c3954d9dbb61de6d80846549', '数据回执模拟', '/jeecg/InterfaceTest', 'jeecg/InterfaceTest', NULL, NULL, 1, NULL, NULL, 6.00, 0, NULL, 1, 1, NULL, 0, NULL, 'admin', '2019-02-19 16:02:23', 'admin', '2019-02-21 16:25:45', 0, 0, NULL, NULL);
INSERT INTO `t_sys_permission` VALUES ('cc50656cf9ca528e6f2150eba4714ad2', '4875ebe289344e14844d8e3ea1edd73f', '基础详情页', '/profile/basic', 'profile/basic/Index', NULL, NULL, 1, NULL, NULL, 1.00, NULL, NULL, 1, 1, NULL, NULL, NULL, NULL, '2018-12-25 20:34:38', NULL, NULL, 0, 0, NULL, NULL);
INSERT INTO `t_sys_permission` VALUES ('d07a2c87a451434c99ab06296727ec4f', '700b7f95165c46cc7a78bf227aa8fed3', 'JVM信息', '/monitor/JvmInfo', 'modules/monitor/JvmInfo', NULL, NULL, 1, NULL, NULL, 4.00, 0, NULL, 1, 1, NULL, 0, NULL, 'admin', '2019-04-01 23:07:48', 'admin', '2019-04-02 11:37:16', 0, 0, NULL, NULL);
INSERT INTO `t_sys_permission` VALUES ('d2bbf9ebca5a8fa2e227af97d2da7548', 'c65321e57b7949b7a975313220de0422', '404', '/exception/404', 'exception/404', NULL, NULL, 1, NULL, NULL, 2.00, NULL, NULL, 1, 1, NULL, NULL, NULL, NULL, '2018-12-25 20:34:38', NULL, NULL, 0, 0, NULL, NULL);
INSERT INTO `t_sys_permission` VALUES ('d7d6e2e4e2934f2c9385a623fd98c6f3', '', '系统管理', '/isystem', 'layouts/RouteView', NULL, NULL, 0, NULL, NULL, 4.00, 0, 'setting', 1, 0, NULL, 0, NULL, NULL, '2018-12-25 20:34:38', 'admin', '2019-03-31 22:19:52', 0, 0, NULL, NULL);
INSERT INTO `t_sys_permission` VALUES ('d86f58e7ab516d3bc6bfb1fe10585f97', '717f6bee46f44a3897eca9abd6e2ec44', '个人中心', '/account/center', 'account/center/Index', NULL, NULL, 1, NULL, NULL, 1.00, NULL, NULL, 1, 1, NULL, NULL, NULL, NULL, '2018-12-25 20:34:38', NULL, NULL, 0, 0, NULL, NULL);
INSERT INTO `t_sys_permission` VALUES ('de13e0f6328c069748de7399fcc1dbbd', 'fb07ca05a3e13674dbf6d3245956da2e', '搜索列表（项目）', '/list/search/project', 'list/TableList', NULL, NULL, 1, NULL, NULL, 1.00, 0, NULL, 1, 1, NULL, 0, NULL, 'admin', '2019-02-12 14:01:40', 'admin', '2019-02-12 14:14:18', 0, 0, NULL, NULL);
INSERT INTO `t_sys_permission` VALUES ('e08cb190ef230d5d4f03824198773950', 'd7d6e2e4e2934f2c9385a623fd98c6f3', '系统通告', '/isystem/annountCement', 'system/SysAnnouncementList', NULL, NULL, 1, 'annountCement', NULL, 6.00, NULL, '', 1, 1, NULL, NULL, NULL, NULL, '2019-01-02 17:23:01', NULL, '2019-01-02 17:31:23', 0, 0, NULL, NULL);
INSERT INTO `t_sys_permission` VALUES ('e1979bb53e9ea51cecc74d86fd9d2f64', '2a470fc0c3954d9dbb61de6d80846549', 'PDF预览', '/jeecg/jeecgPdfView', 'jeecg/JeecgPdfView', NULL, NULL, 1, NULL, NULL, 3.00, 0, NULL, 1, 1, NULL, 0, NULL, 'admin', '2019-04-25 10:39:35', NULL, NULL, 0, 0, NULL, NULL);
INSERT INTO `t_sys_permission` VALUES ('e3c13679c73a4f829bcff2aba8fd68b1', '', '表单页', '/form', 'layouts/PageView', NULL, NULL, 0, NULL, NULL, 9.00, 0, 'form', 1, 0, NULL, 0, NULL, NULL, '2018-12-25 20:34:38', 'admin', '2019-03-31 22:20:14', 0, 0, NULL, NULL);
INSERT INTO `t_sys_permission` VALUES ('e41b69c57a941a3bbcce45032fe57605', '', '在线开发', '/online', 'layouts/RouteView', NULL, NULL, 0, NULL, NULL, 5.00, 0, 'cloud', 1, 0, NULL, 0, NULL, 'admin', '2019-03-08 10:43:10', 'admin', '2019-05-11 10:36:01', 0, 0, NULL, NULL);
INSERT INTO `t_sys_permission` VALUES ('e5973686ed495c379d829ea8b2881fc6', 'e3c13679c73a4f829bcff2aba8fd68b1', '高级表单', '/form/advanced-form', 'form/advancedForm/AdvancedForm', NULL, NULL, 1, NULL, NULL, 3.00, NULL, NULL, 1, 1, NULL, NULL, NULL, NULL, '2018-12-25 20:34:38', NULL, NULL, 0, 0, NULL, NULL);
INSERT INTO `t_sys_permission` VALUES ('e6bfd1fcabfd7942fdd05f076d1dad38', '2a470fc0c3954d9dbb61de6d80846549', '打印测试', '/jeecg/PrintDemo', 'jeecg/PrintDemo', NULL, NULL, 1, NULL, NULL, 3.00, 0, NULL, 1, 1, NULL, 0, NULL, 'admin', '2019-02-19 15:58:48', 'admin', '2019-05-07 20:14:39', 0, 0, NULL, NULL);
INSERT INTO `t_sys_permission` VALUES ('ebb9d82ea16ad864071158e0c449d186', 'd7d6e2e4e2934f2c9385a623fd98c6f3', '分类字典', '/isys/category', 'system/SysCategoryList', NULL, NULL, 1, NULL, '1', 5.20, 0, NULL, 1, 1, 0, 0, NULL, 'admin', '2019-05-29 18:48:07', 'admin', '2020-02-23 22:45:33', 0, 0, '1', 0);
INSERT INTO `t_sys_permission` VALUES ('ec8d607d0156e198b11853760319c646', '6e73eb3c26099c191bf03852ee1310a1', '安全设置', '/account/settings/security', 'account/settings/Security', NULL, NULL, 1, 'SecuritySettings', NULL, NULL, NULL, NULL, 1, 1, NULL, NULL, NULL, NULL, '2018-12-26 18:59:52', NULL, NULL, 0, 0, NULL, NULL);
INSERT INTO `t_sys_permission` VALUES ('f0675b52d89100ee88472b6800754a08', '', '统计报表', '/report', 'layouts/RouteView', NULL, NULL, 0, NULL, NULL, 1.00, 0, 'bar-chart', 1, 0, NULL, 0, NULL, 'admin', '2019-04-03 18:32:02', 'admin', '2019-05-19 18:34:13', 0, 0, NULL, NULL);
INSERT INTO `t_sys_permission` VALUES ('f1cb187abf927c88b89470d08615f5ac', 'd7d6e2e4e2934f2c9385a623fd98c6f3', '数据字典', '/isystem/dict', 'system/DictList', NULL, NULL, 1, NULL, NULL, 5.00, 0, NULL, 1, 1, 0, 0, NULL, NULL, '2018-12-28 13:54:43', 'admin', '2020-02-23 22:45:25', 0, 0, NULL, 0);
INSERT INTO `t_sys_permission` VALUES ('f23d9bfff4d9aa6b68569ba2cff38415', '540a2936940846cb98114ffb0d145cb8', '标准列表', '/list/basic-list', 'list/StandardList', NULL, NULL, 1, NULL, NULL, 6.00, NULL, NULL, 1, 1, NULL, NULL, NULL, NULL, '2018-12-25 20:34:38', NULL, NULL, 0, 0, NULL, NULL);
INSERT INTO `t_sys_permission` VALUES ('f2849d3814fc97993bfc519ae6bbf049', 'e41b69c57a941a3bbcce45032fe57605', 'AUTO复制表单', '/online/copyform/:code', 'modules/online/cgform/OnlCgformCopyList', NULL, NULL, 1, NULL, '1', 1.00, 0, NULL, 1, 1, 0, 1, NULL, 'admin', '2019-08-29 16:05:37', NULL, NULL, 0, 0, '1', NULL);
INSERT INTO `t_sys_permission` VALUES ('f780d0d3083d849ccbdb1b1baee4911d', '5c8042bd6c601270b2bbd9b20bccc68b', '模板管理', '/modules/message/sysMessageTemplateList', 'modules/message/SysMessageTemplateList', NULL, NULL, 1, NULL, NULL, 1.00, 0, NULL, 1, 1, NULL, 0, NULL, 'admin', '2019-04-09 11:50:31', 'admin', '2019-04-12 10:16:34', 0, 0, NULL, NULL);
INSERT INTO `t_sys_permission` VALUES ('fb07ca05a3e13674dbf6d3245956da2e', '540a2936940846cb98114ffb0d145cb8', '搜索列表', '/list/search', 'list/search/SearchLayout', NULL, '/list/search/article', 1, NULL, NULL, 8.00, 0, NULL, 1, 0, NULL, 0, NULL, NULL, '2018-12-25 20:34:38', 'admin', '2019-02-12 15:09:13', 0, 0, NULL, NULL);
INSERT INTO `t_sys_permission` VALUES ('fb367426764077dcf94640c843733985', '2a470fc0c3954d9dbb61de6d80846549', '一对多示例', '/jeecg/JeecgOrderMainList', 'jeecg/JeecgOrderMainList', NULL, NULL, 1, NULL, NULL, 2.00, 0, NULL, 1, 1, NULL, 0, NULL, 'admin', '2019-02-15 16:24:11', 'admin', '2019-02-18 10:50:14', 0, 0, NULL, NULL);
INSERT INTO `t_sys_permission` VALUES ('fba41089766888023411a978d13c0aa4', 'e41b69c57a941a3bbcce45032fe57605', 'AUTO树表单列表', '/online/cgformTreeList/:code', 'modules/online/cgform/auto/OnlCgformTreeList', NULL, NULL, 1, NULL, '1', 9.00, 0, NULL, 1, 1, NULL, 1, NULL, 'admin', '2019-05-21 14:46:50', 'admin', '2019-06-11 13:52:52', 0, 0, '1', NULL);
INSERT INTO `t_sys_permission` VALUES ('fc810a2267dd183e4ef7c71cc60f4670', '700b7f95165c46cc7a78bf227aa8fed3', '请求追踪', '/monitor/HttpTrace', 'modules/monitor/HttpTrace', NULL, NULL, 1, NULL, NULL, 4.00, 0, NULL, 1, 1, NULL, 0, NULL, 'admin', '2019-04-02 09:46:19', 'admin', '2019-04-02 11:37:27', 0, 0, NULL, NULL);
INSERT INTO `t_sys_permission` VALUES ('fedfbf4420536cacc0218557d263dfea', '6e73eb3c26099c191bf03852ee1310a1', '新消息通知', '/account/settings/notification', 'account/settings/Notification', NULL, NULL, 1, 'NotificationSettings', NULL, NULL, NULL, '', 1, 1, NULL, NULL, NULL, NULL, '2018-12-26 19:02:05', NULL, NULL, 0, 0, NULL, NULL);

-- ----------------------------
-- Records of t_sys_permission_data_rule
-- ----------------------------
INSERT INTO `t_sys_permission_data_rule` VALUES ('32b62cb04d6c788d9d92e3ff5e66854e', '8d4683aacaa997ab86b966b464360338', '000', '00', '!=', '00', '1', '2019-04-02 18:36:08', 'admin', NULL, NULL);
INSERT INTO `t_sys_permission_data_rule` VALUES ('40283181614231d401614234fe670003', '40283181614231d401614232cd1c0001', 'createBy', 'createBy', '=', '#{sys_user_code}', '1', '2018-01-29 21:57:04', 'admin', NULL, NULL);
INSERT INTO `t_sys_permission_data_rule` VALUES ('4028318161424e730161424fca6f0004', '4028318161424e730161424f61510002', 'createBy', 'createBy', '=', '#{sys_user_code}', '1', '2018-01-29 22:26:20', 'admin', NULL, NULL);
INSERT INTO `t_sys_permission_data_rule` VALUES ('402880e6487e661a01487e732c020005', '402889fb486e848101486e93a7c80014', 'SYS_ORG_CODE', 'SYS_ORG_CODE', 'LIKE', '010201%', '1', '2014-09-16 20:32:30', 'admin', NULL, NULL);
INSERT INTO `t_sys_permission_data_rule` VALUES ('402880e6487e661a01487e8153ee0007', '402889fb486e848101486e93a7c80014', 'create_by', 'create_by', '', '#{SYS_USER_CODE}', '1', '2014-09-16 20:47:57', 'admin', NULL, NULL);
INSERT INTO `t_sys_permission_data_rule` VALUES ('402880ec5ddec439015ddf9225060038', '40288088481d019401481d2fcebf000d', '复杂关系', '', 'USE_SQL_RULES', 'name like \'%张%\' or age > 10', '1', NULL, NULL, '2017-08-14 15:10:25', 'demo');
INSERT INTO `t_sys_permission_data_rule` VALUES ('402880ec5ddfdd26015ddfe3e0570011', '4028ab775dca0d1b015dca3fccb60016', '复杂sql配置', '', 'USE_SQL_RULES', 'table_name like \'%test%\' or is_tree = \'Y\'', '1', NULL, NULL, '2017-08-14 16:38:55', 'demo');
INSERT INTO `t_sys_permission_data_rule` VALUES ('402880f25b1e2ac7015b1e5fdebc0012', '402880f25b1e2ac7015b1e5cdc340010', '只能看自己数据', 'create_by', '=', '#{sys_user_code}', '1', '2017-03-30 16:40:51', 'admin', NULL, NULL);
INSERT INTO `t_sys_permission_data_rule` VALUES ('402881875b19f141015b19f8125e0014', '40288088481d019401481d2fcebf000d', '可看下属业务数据', 'sys_org_code', 'LIKE', '#{sys_org_code}', '1', NULL, NULL, '2017-08-14 15:04:32', 'demo');
INSERT INTO `t_sys_permission_data_rule` VALUES ('402881e45394d66901539500a4450001', '402881e54df73c73014df75ab670000f', 'sysCompanyCode', 'sysCompanyCode', '=', '#{SYS_COMPANY_CODE}', '1', '2016-03-21 01:09:21', 'admin', NULL, NULL);
INSERT INTO `t_sys_permission_data_rule` VALUES ('402881e45394d6690153950177cb0003', '402881e54df73c73014df75ab670000f', 'sysOrgCode', 'sysOrgCode', '=', '#{SYS_ORG_CODE}', '1', '2016-03-21 01:10:15', 'admin', NULL, NULL);
INSERT INTO `t_sys_permission_data_rule` VALUES ('402881e56266f43101626727aff60067', '402881e56266f43101626724eb730065', '销售自己看自己的数据', 'createBy', '=', '#{sys_user_code}', '1', '2018-03-27 19:11:16', 'admin', NULL, NULL);
INSERT INTO `t_sys_permission_data_rule` VALUES ('402881e56266f4310162672fb1a70082', '402881e56266f43101626724eb730065', '销售经理看所有下级数据', 'sysOrgCode', 'LIKE', '#{sys_org_code}', '1', '2018-03-27 19:20:01', 'admin', NULL, NULL);
INSERT INTO `t_sys_permission_data_rule` VALUES ('402881e56266f431016267387c9f0088', '402881e56266f43101626724eb730065', '只看金额大于1000的数据', 'money', '>=', '1000', '1', '2018-03-27 19:29:37', 'admin', NULL, NULL);
INSERT INTO `t_sys_permission_data_rule` VALUES ('402881f3650de25101650dfb5a3a0010', '402881e56266f4310162671d62050044', '22', '', 'USE_SQL_RULES', '22', '1', '2018-08-06 14:45:01', 'admin', NULL, NULL);
INSERT INTO `t_sys_permission_data_rule` VALUES ('402889fb486e848101486e913cd6000b', '402889fb486e848101486e8e2e8b0007', 'userName', 'userName', '=', 'admin', '1', '2014-09-13 18:31:25', 'admin', NULL, NULL);
INSERT INTO `t_sys_permission_data_rule` VALUES ('402889fb486e848101486e98d20d0016', '402889fb486e848101486e93a7c80014', 'title', 'title', '=', '12', '1', NULL, NULL, '2014-09-13 22:18:22', 'scott');
INSERT INTO `t_sys_permission_data_rule` VALUES ('402889fe47fcb29c0147fcb6b6220001', '8a8ab0b246dc81120146dc8180fe002b', '12', '12', '>', '12', '1', '2014-08-22 15:55:38', '8a8ab0b246dc81120146dc8181950052', NULL, NULL);
INSERT INTO `t_sys_permission_data_rule` VALUES ('4028ab775dca0d1b015dca4183530018', '4028ab775dca0d1b015dca3fccb60016', '表名限制', 'isDbSynch', '=', 'Y', '1', NULL, NULL, '2017-08-14 16:43:45', 'demo');
INSERT INTO `t_sys_permission_data_rule` VALUES ('4028ef815595a881015595b0ccb60001', '40288088481d019401481d2fcebf000d', '限只能看自己', 'create_by', '=', '#{sys_user_code}', '1', NULL, NULL, '2017-08-14 15:03:56', 'demo');
INSERT INTO `t_sys_permission_data_rule` VALUES ('4028ef81574ae99701574aed26530005', '4028ef81574ae99701574aeb97bd0003', '用户名', 'userName', '!=', 'admin', '1', '2016-09-21 12:07:18', 'admin', NULL, NULL);
INSERT INTO `t_sys_permission_data_rule` VALUES ('53609e1854f4a87eb23ed23a18a1042c', '4148ec82b6acd69f470bea75fe41c357', '只看当前部门数据', 'sysOrgCode', '=', '#{sys_org_code}', '1', '2019-05-11 19:40:39', 'admin', '2019-05-11 19:40:50', 'admin');
INSERT INTO `t_sys_permission_data_rule` VALUES ('a7d661ef5ac168b2b162420c6804dac5', '4148ec82b6acd69f470bea75fe41c357', '只看自己的数据', 'createBy', '=', '#{sys_user_code}', '1', '2019-05-11 19:19:05', 'admin', '2019-05-11 19:24:58', 'admin');
INSERT INTO `t_sys_permission_data_rule` VALUES ('f852d85d47f224990147f2284c0c0005', NULL, '小于', 'test', '<=', '11', '1', '2014-08-20 14:43:52', '8a8ab0b246dc81120146dc8181950052', NULL, NULL);

-- ----------------------------
-- Records of t_sys_position
-- ----------------------------
INSERT INTO `t_sys_position` VALUES ('1185040064792571906', 'devleader', '研发部经理', '2', NULL, 'admin', '2019-10-18 11:49:03', 'admin', '2020-02-23 22:55:42', 'A01');

-- ----------------------------
-- Records of t_sys_role_permission
-- ----------------------------
INSERT INTO `t_sys_role_permission` VALUES ('00b0748f04d3ea52c8cfa179c1c9d384', '52b0cf022ac4187b2a70dfa4f8b2d940', 'd7d6e2e4e2934f2c9385a623fd98c6f3', NULL);
INSERT INTO `t_sys_role_permission` VALUES ('00b82058779cca5106fbb84783534c9b', 'f6817f48af4fb3af11b9e8bf182f618b', '4148ec82b6acd69f470bea75fe41c357', NULL);
INSERT INTO `t_sys_role_permission` VALUES ('0254c0b25694ad5479e6d6935bbc176e', 'f6817f48af4fb3af11b9e8bf182f618b', '944abf0a8fc22fe1f1154a389a574154', NULL);
INSERT INTO `t_sys_role_permission` VALUES ('09bd4fc30ffe88c4a44ed3868f442719', 'f6817f48af4fb3af11b9e8bf182f618b', 'e6bfd1fcabfd7942fdd05f076d1dad38', NULL);
INSERT INTO `t_sys_role_permission` VALUES ('0c2d2db76ee3aa81a4fe0925b0f31365', 'f6817f48af4fb3af11b9e8bf182f618b', '024f1fd1283dc632458976463d8984e1', NULL);
INSERT INTO `t_sys_role_permission` VALUES ('0c6b8facbb1cc874964c87a8cf01e4b1', 'f6817f48af4fb3af11b9e8bf182f618b', '841057b8a1bef8f6b4b20f9a618a7fa6', NULL);
INSERT INTO `t_sys_role_permission` VALUES ('0c6e1075e422972083c3e854d9af7851', 'f6817f48af4fb3af11b9e8bf182f618b', '08e6b9dc3c04489c8e1ff2ce6f105aa4', NULL);
INSERT INTO `t_sys_role_permission` VALUES ('0e1469997af2d3b97fff56a59ee29eeb', 'f6817f48af4fb3af11b9e8bf182f618b', 'e41b69c57a941a3bbcce45032fe57605', NULL);
INSERT INTO `t_sys_role_permission` VALUES ('0f861cb988fdc639bb1ab943471f3a72', 'f6817f48af4fb3af11b9e8bf182f618b', '97c8629abc7848eccdb6d77c24bb3ebb', NULL);
INSERT INTO `t_sys_role_permission` VALUES ('115a6673ae6c0816d3f60de221520274', '21c5a3187763729408b40afb0d0fdfa8', '63b551e81c5956d5c861593d366d8c57', NULL);
INSERT INTO `t_sys_role_permission` VALUES ('1185039870491439105', 'f6817f48af4fb3af11b9e8bf182f618b', '1174506953255182338', NULL);
INSERT INTO `t_sys_role_permission` VALUES ('1185039870529187841', 'f6817f48af4fb3af11b9e8bf182f618b', '1174590283938041857', NULL);
INSERT INTO `t_sys_role_permission` VALUES ('1185039870537576450', 'f6817f48af4fb3af11b9e8bf182f618b', '1166535831146504193', NULL);
INSERT INTO `t_sys_role_permission` VALUES ('1197431682208206850', 'f6817f48af4fb3af11b9e8bf182f618b', '1192318987661234177', NULL);
INSERT INTO `t_sys_role_permission` VALUES ('1197795315916271617', 'f6817f48af4fb3af11b9e8bf182f618b', '109c78a583d4693ce2f16551b7786786', NULL);
INSERT INTO `t_sys_role_permission` VALUES ('1197795316268593154', 'f6817f48af4fb3af11b9e8bf182f618b', '9fe26464838de2ea5e90f2367e35efa0', NULL);
INSERT INTO `t_sys_role_permission` VALUES ('1209423530518761473', 'f6817f48af4fb3af11b9e8bf182f618b', '1205097455226462210', NULL);
INSERT INTO `t_sys_role_permission` VALUES ('1209423530594258945', 'f6817f48af4fb3af11b9e8bf182f618b', '1205098241075453953', NULL);
INSERT INTO `t_sys_role_permission` VALUES ('1209423530606841858', 'f6817f48af4fb3af11b9e8bf182f618b', '1205306106780364802', NULL);
INSERT INTO `t_sys_role_permission` VALUES ('1209423580355481602', 'f6817f48af4fb3af11b9e8bf182f618b', '190c2b43bec6a5f7a4194a85db67d96a', NULL);
INSERT INTO `t_sys_role_permission` VALUES ('1209654501558046722', 'f6817f48af4fb3af11b9e8bf182f618b', 'f2849d3814fc97993bfc519ae6bbf049', NULL);
INSERT INTO `t_sys_role_permission` VALUES ('1231590078632955905', 'f6817f48af4fb3af11b9e8bf182f618b', '1224641973866467330', NULL);
INSERT INTO `t_sys_role_permission` VALUES ('1231590078658121729', 'f6817f48af4fb3af11b9e8bf182f618b', '1209731624921534465', NULL);
INSERT INTO `t_sys_role_permission` VALUES ('1231590078662316033', 'f6817f48af4fb3af11b9e8bf182f618b', '1229674163694841857', NULL);
INSERT INTO `t_sys_role_permission` VALUES ('126ea9faebeec2b914d6d9bef957afb6', 'f6817f48af4fb3af11b9e8bf182f618b', 'f1cb187abf927c88b89470d08615f5ac', NULL);
INSERT INTO `t_sys_role_permission` VALUES ('154edd0599bd1dc2c7de220b489cd1e2', 'f6817f48af4fb3af11b9e8bf182f618b', '7ac9eb9ccbde2f7a033cd4944272bf1e', NULL);
INSERT INTO `t_sys_role_permission` VALUES ('165acd6046a0eaf975099f46a3c898ea', 'f6817f48af4fb3af11b9e8bf182f618b', '4f66409ef3bbd69c1d80469d6e2a885e', NULL);
INSERT INTO `t_sys_role_permission` VALUES ('1664b92dff13e1575e3a929caa2fa14d', 'f6817f48af4fb3af11b9e8bf182f618b', 'd2bbf9ebca5a8fa2e227af97d2da7548', NULL);
INSERT INTO `t_sys_role_permission` VALUES ('17ead5b7d97ed365398ab20009a69ea3', '52b0cf022ac4187b2a70dfa4f8b2d940', 'e08cb190ef230d5d4f03824198773950', NULL);
INSERT INTO `t_sys_role_permission` VALUES ('1ac1688ef8456f384091a03d88a89ab1', '52b0cf022ac4187b2a70dfa4f8b2d940', '693ce69af3432bd00be13c3971a57961', NULL);
INSERT INTO `t_sys_role_permission` VALUES ('1c1dbba68ef1817e7fb19c822d2854e8', 'f6817f48af4fb3af11b9e8bf182f618b', 'fb367426764077dcf94640c843733985', NULL);
INSERT INTO `t_sys_role_permission` VALUES ('1e47db875601fd97723254046b5bba90', 'f6817f48af4fb3af11b9e8bf182f618b', 'baf16b7174bd821b6bab23fa9abb200d', NULL);
INSERT INTO `t_sys_role_permission` VALUES ('1fe4d408b85f19618c15bcb768f0ec22', '1750a8fb3e6d90cb7957c02de1dc8e59', '9502685863ab87f0ad1134142788a385', NULL);
INSERT INTO `t_sys_role_permission` VALUES ('20e53c87a785688bdc0a5bb6de394ef1', 'f6817f48af4fb3af11b9e8bf182f618b', '540a2936940846cb98114ffb0d145cb8', NULL);
INSERT INTO `t_sys_role_permission` VALUES ('248d288586c6ff3bd14381565df84163', '52b0cf022ac4187b2a70dfa4f8b2d940', '3f915b2769fc80648e92d04e84ca059d', NULL);
INSERT INTO `t_sys_role_permission` VALUES ('25491ecbd5a9b34f09c8bc447a10ede1', 'f6817f48af4fb3af11b9e8bf182f618b', 'd07a2c87a451434c99ab06296727ec4f', NULL);
INSERT INTO `t_sys_role_permission` VALUES ('27489816708b18859768dfed5945c405', 'a799c3b1b12dd3ed4bd046bfaef5fe6e', '9502685863ab87f0ad1134142788a385', NULL);
INSERT INTO `t_sys_role_permission` VALUES ('2779cdea8367fff37db26a42c1a1f531', 'f6817f48af4fb3af11b9e8bf182f618b', 'fef097f3903caf3a3c3a6efa8de43fbb', NULL);
INSERT INTO `t_sys_role_permission` VALUES ('296f9c75ca0e172ae5ce4c1022c996df', '646c628b2b8295fbdab2d34044de0354', '732d48f8e0abe99fe6a23d18a3171cd1', NULL);
INSERT INTO `t_sys_role_permission` VALUES ('29fb6b0ad59a7e911c8d27e0bdc42d23', 'f6817f48af4fb3af11b9e8bf182f618b', '9a90363f216a6a08f32eecb3f0bf12a3', NULL);
INSERT INTO `t_sys_role_permission` VALUES ('2ad37346c1b83ddeebc008f6987b2227', 'f6817f48af4fb3af11b9e8bf182f618b', '8d1ebd663688965f1fd86a2f0ead3416', NULL);
INSERT INTO `t_sys_role_permission` VALUES ('2c462293cbb0eab7e8ae0a3600361b5f', '52b0cf022ac4187b2a70dfa4f8b2d940', '9502685863ab87f0ad1134142788a385', NULL);
INSERT INTO `t_sys_role_permission` VALUES ('2fdaed22dfa4c8d4629e44ef81688c6a', '52b0cf022ac4187b2a70dfa4f8b2d940', 'aedbf679b5773c1f25e9f7b10111da73', NULL);
INSERT INTO `t_sys_role_permission` VALUES ('300c462b7fec09e2ff32574ef8b3f0bd', '52b0cf022ac4187b2a70dfa4f8b2d940', '2a470fc0c3954d9dbb61de6d80846549', NULL);
INSERT INTO `t_sys_role_permission` VALUES ('35ac7cae648de39eb56213ca1b649713', '52b0cf022ac4187b2a70dfa4f8b2d940', 'b1cb0a3fedf7ed0e4653cb5a229837ee', NULL);
INSERT INTO `t_sys_role_permission` VALUES ('38a2e55db0960262800576e34b3af44c', 'f6817f48af4fb3af11b9e8bf182f618b', '5c2f42277948043026b7a14692456828', NULL);
INSERT INTO `t_sys_role_permission` VALUES ('3b1886f727ac503c93fecdd06dcb9622', 'f6817f48af4fb3af11b9e8bf182f618b', 'c431130c0bc0ec71b0a5be37747bb36a', NULL);
INSERT INTO `t_sys_role_permission` VALUES ('3de2a60c7e42a521fecf6fcc5cb54978', 'f6817f48af4fb3af11b9e8bf182f618b', '2d83d62bd2544b8994c8f38cf17b0ddf', NULL);
INSERT INTO `t_sys_role_permission` VALUES ('3e4e38f748b8d87178dd62082e5b7b60', 'f6817f48af4fb3af11b9e8bf182f618b', '7960961b0063228937da5fa8dd73d371', NULL);
INSERT INTO `t_sys_role_permission` VALUES ('3e563751942b0879c88ca4de19757b50', '1750a8fb3e6d90cb7957c02de1dc8e59', '58857ff846e61794c69208e9d3a85466', NULL);
INSERT INTO `t_sys_role_permission` VALUES ('3f1d04075e3c3254666a4138106a4e51', 'f6817f48af4fb3af11b9e8bf182f618b', '3fac0d3c9cd40fa53ab70d4c583821f8', NULL);
INSERT INTO `t_sys_role_permission` VALUES ('412e2de37a35b3442d68db8dd2f3c190', '52b0cf022ac4187b2a70dfa4f8b2d940', 'f1cb187abf927c88b89470d08615f5ac', NULL);
INSERT INTO `t_sys_role_permission` VALUES ('4204f91fb61911ba8ce40afa7c02369f', 'f6817f48af4fb3af11b9e8bf182f618b', '3f915b2769fc80648e92d04e84ca059d', NULL);
INSERT INTO `t_sys_role_permission` VALUES ('439568ff7db6f329bf6dd45b3dfc9456', 'f6817f48af4fb3af11b9e8bf182f618b', '7593c9e3523a17bca83b8d7fe8a34e58', NULL);
INSERT INTO `t_sys_role_permission` VALUES ('444126230885d5d38b8fa6072c9f43f8', 'f6817f48af4fb3af11b9e8bf182f618b', 'f780d0d3083d849ccbdb1b1baee4911d', NULL);
INSERT INTO `t_sys_role_permission` VALUES ('445656dd187bd8a71605f4bbab1938a3', 'f6817f48af4fb3af11b9e8bf182f618b', '020b06793e4de2eee0007f603000c769', NULL);
INSERT INTO `t_sys_role_permission` VALUES ('455cdb482457f529b79b479a2ff74427', 'f6817f48af4fb3af11b9e8bf182f618b', 'e1979bb53e9ea51cecc74d86fd9d2f64', NULL);
INSERT INTO `t_sys_role_permission` VALUES ('45a358bb738782d1a0edbf7485e81459', 'f6817f48af4fb3af11b9e8bf182f618b', '0ac2ad938963b6c6d1af25477d5b8b51', NULL);
INSERT INTO `t_sys_role_permission` VALUES ('4dab5a06acc8ef3297889872caa74747', 'f6817f48af4fb3af11b9e8bf182f618b', 'ffb423d25cc59dcd0532213c4a518261', NULL);
INSERT INTO `t_sys_role_permission` VALUES ('4e0a37ed49524df5f08fc6593aee875c', 'f6817f48af4fb3af11b9e8bf182f618b', 'f23d9bfff4d9aa6b68569ba2cff38415', NULL);
INSERT INTO `t_sys_role_permission` VALUES ('4ea403fc1d19feb871c8bdd9f94a4ecc', 'f6817f48af4fb3af11b9e8bf182f618b', '2e42e3835c2b44ec9f7bc26c146ee531', NULL);
INSERT INTO `t_sys_role_permission` VALUES ('4f254549d9498f06f4cc9b23f3e2c070', 'f6817f48af4fb3af11b9e8bf182f618b', '93d5cfb4448f11e9916698e7f462b4b6', NULL);
INSERT INTO `t_sys_role_permission` VALUES ('4f2fd4a190db856e21476de2704bbd99', 'f6817f48af4fb3af11b9e8bf182f618b', '1a0811914300741f4e11838ff37a1d3a', NULL);
INSERT INTO `t_sys_role_permission` VALUES ('4faad8ff93cb2b5607cd3d07c1b624ee', 'a799c3b1b12dd3ed4bd046bfaef5fe6e', '70b8f33da5f39de1981bf89cf6c99792', NULL);
INSERT INTO `t_sys_role_permission` VALUES ('504e326de3f03562cdd186748b48a8c7', 'f6817f48af4fb3af11b9e8bf182f618b', '027aee69baee98a0ed2e01806e89c891', NULL);
INSERT INTO `t_sys_role_permission` VALUES ('520b5989e6fe4a302a573d4fee12a40a', 'f6817f48af4fb3af11b9e8bf182f618b', '6531cf3421b1265aeeeabaab5e176e6d', NULL);
INSERT INTO `t_sys_role_permission` VALUES ('54fdf85e52807bdb32ce450814abc256', 'f6817f48af4fb3af11b9e8bf182f618b', 'cc50656cf9ca528e6f2150eba4714ad2', NULL);
INSERT INTO `t_sys_role_permission` VALUES ('57c0b3a547b815ea3ec8e509b08948b3', '1750a8fb3e6d90cb7957c02de1dc8e59', '3f915b2769fc80648e92d04e84ca059d', NULL);
INSERT INTO `t_sys_role_permission` VALUES ('593ee05c4fe4645c7826b7d5e14f23ec', '52b0cf022ac4187b2a70dfa4f8b2d940', '8fb8172747a78756c11916216b8b8066', NULL);
INSERT INTO `t_sys_role_permission` VALUES ('5d230e6cd2935c4117f6cb9a7a749e39', 'f6817f48af4fb3af11b9e8bf182f618b', 'fc810a2267dd183e4ef7c71cc60f4670', NULL);
INSERT INTO `t_sys_role_permission` VALUES ('5de6871fadb4fe1cdd28989da0126b07', 'f6817f48af4fb3af11b9e8bf182f618b', 'a400e4f4d54f79bf5ce160a3432231af', NULL);
INSERT INTO `t_sys_role_permission` VALUES ('5e4015a9a641cbf3fb5d28d9f885d81a', 'f6817f48af4fb3af11b9e8bf182f618b', '2dbbafa22cda07fa5d169d741b81fe12', NULL);
INSERT INTO `t_sys_role_permission` VALUES ('5fc194b709336d354640fe29fefd65a3', 'a799c3b1b12dd3ed4bd046bfaef5fe6e', '9ba60e626bf2882c31c488aba62b89f0', NULL);
INSERT INTO `t_sys_role_permission` VALUES ('60eda4b4db138bdb47edbe8e10e71675', 'f6817f48af4fb3af11b9e8bf182f618b', 'fb07ca05a3e13674dbf6d3245956da2e', NULL);
INSERT INTO `t_sys_role_permission` VALUES ('61835e48f3e675f7d3f5c9dd3a10dcf3', 'f6817f48af4fb3af11b9e8bf182f618b', 'f0675b52d89100ee88472b6800754a08', NULL);
INSERT INTO `t_sys_role_permission` VALUES ('660fbc40bcb1044738f7cabdf1708c28', 'f6817f48af4fb3af11b9e8bf182f618b', 'b3c824fc22bd953e2eb16ae6914ac8f9', NULL);
INSERT INTO `t_sys_role_permission` VALUES ('66b202f8f84fe766176b3f51071836ef', 'f6817f48af4fb3af11b9e8bf182f618b', '1367a93f2c410b169faa7abcbad2f77c', NULL);
INSERT INTO `t_sys_role_permission` VALUES ('6b605c261ffbc8ac8a98ae33579c8c78', 'f6817f48af4fb3af11b9e8bf182f618b', 'fba41089766888023411a978d13c0aa4', NULL);
INSERT INTO `t_sys_role_permission` VALUES ('6c74518eb6bb9a353f6a6c459c77e64b', 'f6817f48af4fb3af11b9e8bf182f618b', 'b4dfc7d5dd9e8d5b6dd6d4579b1aa559', NULL);
INSERT INTO `t_sys_role_permission` VALUES ('6daddafacd7eccb91309530c17c5855d', 'f6817f48af4fb3af11b9e8bf182f618b', 'edfa74d66e8ea63ea432c2910837b150', NULL);
INSERT INTO `t_sys_role_permission` VALUES ('6fb4c2142498dd6d5b6c014ef985cb66', 'f6817f48af4fb3af11b9e8bf182f618b', '6e73eb3c26099c191bf03852ee1310a1', NULL);
INSERT INTO `t_sys_role_permission` VALUES ('7413acf23b56c906aedb5a36fb75bd3a', 'f6817f48af4fb3af11b9e8bf182f618b', 'a4fc7b64b01a224da066bb16230f9c5a', NULL);
INSERT INTO `t_sys_role_permission` VALUES ('75002588591820806', '16457350655250432', '5129710648430592', NULL);
INSERT INTO `t_sys_role_permission` VALUES ('75002588604403712', '16457350655250432', '5129710648430593', NULL);
INSERT INTO `t_sys_role_permission` VALUES ('75002588612792320', '16457350655250432', '40238597734928384', NULL);
INSERT INTO `t_sys_role_permission` VALUES ('75002588625375232', '16457350655250432', '57009744761589760', NULL);
INSERT INTO `t_sys_role_permission` VALUES ('75002588633763840', '16457350655250432', '16392452747300864', NULL);
INSERT INTO `t_sys_role_permission` VALUES ('75002588637958144', '16457350655250432', '16392767785668608', NULL);
INSERT INTO `t_sys_role_permission` VALUES ('75002588650541056', '16457350655250432', '16439068543946752', NULL);
INSERT INTO `t_sys_role_permission` VALUES ('76a54a8cc609754360bf9f57e7dbb2db', 'f6817f48af4fb3af11b9e8bf182f618b', 'c65321e57b7949b7a975313220de0422', NULL);
INSERT INTO `t_sys_role_permission` VALUES ('77277779875336192', '496138616573952', '5129710648430592', NULL);
INSERT INTO `t_sys_role_permission` VALUES ('77277780043108352', '496138616573952', '5129710648430593', NULL);
INSERT INTO `t_sys_role_permission` VALUES ('77277780055691264', '496138616573952', '15701400130424832', NULL);
INSERT INTO `t_sys_role_permission` VALUES ('77277780064079872', '496138616573952', '16678126574637056', NULL);
INSERT INTO `t_sys_role_permission` VALUES ('77277780072468480', '496138616573952', '15701915807518720', NULL);
INSERT INTO `t_sys_role_permission` VALUES ('77277780076662784', '496138616573952', '15708892205944832', NULL);
INSERT INTO `t_sys_role_permission` VALUES ('77277780085051392', '496138616573952', '16678447719911424', NULL);
INSERT INTO `t_sys_role_permission` VALUES ('77277780089245696', '496138616573952', '25014528525733888', NULL);
INSERT INTO `t_sys_role_permission` VALUES ('77277780097634304', '496138616573952', '56898976661639168', NULL);
INSERT INTO `t_sys_role_permission` VALUES ('77277780135383040', '496138616573952', '40238597734928384', NULL);
INSERT INTO `t_sys_role_permission` VALUES ('77277780139577344', '496138616573952', '45235621697949696', NULL);
INSERT INTO `t_sys_role_permission` VALUES ('77277780147965952', '496138616573952', '45235787867885568', NULL);
INSERT INTO `t_sys_role_permission` VALUES ('77277780156354560', '496138616573952', '45235939278065664', NULL);
INSERT INTO `t_sys_role_permission` VALUES ('77277780164743168', '496138616573952', '43117268627886080', NULL);
INSERT INTO `t_sys_role_permission` VALUES ('77277780168937472', '496138616573952', '45236734832676864', NULL);
INSERT INTO `t_sys_role_permission` VALUES ('77277780181520384', '496138616573952', '45237010692050944', NULL);
INSERT INTO `t_sys_role_permission` VALUES ('77277780189908992', '496138616573952', '45237170029465600', NULL);
INSERT INTO `t_sys_role_permission` VALUES ('77277780198297600', '496138616573952', '57009544286441472', NULL);
INSERT INTO `t_sys_role_permission` VALUES ('77277780206686208', '496138616573952', '57009744761589760', NULL);
INSERT INTO `t_sys_role_permission` VALUES ('77277780215074816', '496138616573952', '57009981228060672', NULL);
INSERT INTO `t_sys_role_permission` VALUES ('77277780219269120', '496138616573952', '56309618086776832', NULL);
INSERT INTO `t_sys_role_permission` VALUES ('77277780227657728', '496138616573952', '57212882168844288', NULL);
INSERT INTO `t_sys_role_permission` VALUES ('77277780236046336', '496138616573952', '61560041605435392', NULL);
INSERT INTO `t_sys_role_permission` VALUES ('77277780244434944', '496138616573952', '61560275261722624', NULL);
INSERT INTO `t_sys_role_permission` VALUES ('77277780257017856', '496138616573952', '61560480518377472', NULL);
INSERT INTO `t_sys_role_permission` VALUES ('77277780265406464', '496138616573952', '44986029924421632', NULL);
INSERT INTO `t_sys_role_permission` VALUES ('77277780324126720', '496138616573952', '45235228800716800', NULL);
INSERT INTO `t_sys_role_permission` VALUES ('77277780332515328', '496138616573952', '45069342940860416', NULL);
INSERT INTO `t_sys_role_permission` VALUES ('77277780340903937', '496138616573952', '5129710648430594', NULL);
INSERT INTO `t_sys_role_permission` VALUES ('77277780349292544', '496138616573952', '16687383932047360', NULL);
INSERT INTO `t_sys_role_permission` VALUES ('77277780357681152', '496138616573952', '16689632049631232', NULL);
INSERT INTO `t_sys_role_permission` VALUES ('77277780366069760', '496138616573952', '16689745006432256', NULL);
INSERT INTO `t_sys_role_permission` VALUES ('77277780370264064', '496138616573952', '16689883993083904', NULL);
INSERT INTO `t_sys_role_permission` VALUES ('77277780374458369', '496138616573952', '16690313745666048', NULL);
INSERT INTO `t_sys_role_permission` VALUES ('77277780387041280', '496138616573952', '5129710648430595', NULL);
INSERT INTO `t_sys_role_permission` VALUES ('77277780395429888', '496138616573952', '16694861252005888', NULL);
INSERT INTO `t_sys_role_permission` VALUES ('77277780403818496', '496138616573952', '16695107491205120', NULL);
INSERT INTO `t_sys_role_permission` VALUES ('77277780412207104', '496138616573952', '16695243126607872', NULL);
INSERT INTO `t_sys_role_permission` VALUES ('77277780420595712', '496138616573952', '75002207560273920', NULL);
INSERT INTO `t_sys_role_permission` VALUES ('77277780428984320', '496138616573952', '76215889006956544', NULL);
INSERT INTO `t_sys_role_permission` VALUES ('77277780433178624', '496138616573952', '76216071333351424', NULL);
INSERT INTO `t_sys_role_permission` VALUES ('77277780441567232', '496138616573952', '76216264070008832', NULL);
INSERT INTO `t_sys_role_permission` VALUES ('77277780449955840', '496138616573952', '76216459709124608', NULL);
INSERT INTO `t_sys_role_permission` VALUES ('77277780458344448', '496138616573952', '76216594207870976', NULL);
INSERT INTO `t_sys_role_permission` VALUES ('77277780466733056', '496138616573952', '76216702639017984', NULL);
INSERT INTO `t_sys_role_permission` VALUES ('77277780475121664', '496138616573952', '58480609315524608', NULL);
INSERT INTO `t_sys_role_permission` VALUES ('77277780483510272', '496138616573952', '61394706252173312', NULL);
INSERT INTO `t_sys_role_permission` VALUES ('77277780491898880', '496138616573952', '61417744146370560', NULL);
INSERT INTO `t_sys_role_permission` VALUES ('77277780496093184', '496138616573952', '76606430504816640', NULL);
INSERT INTO `t_sys_role_permission` VALUES ('77277780504481792', '496138616573952', '76914082455752704', NULL);
INSERT INTO `t_sys_role_permission` VALUES ('77277780508676097', '496138616573952', '76607201262702592', NULL);
INSERT INTO `t_sys_role_permission` VALUES ('77277780517064704', '496138616573952', '39915540965232640', NULL);
INSERT INTO `t_sys_role_permission` VALUES ('77277780525453312', '496138616573952', '41370251991977984', NULL);
INSERT INTO `t_sys_role_permission` VALUES ('77277780538036224', '496138616573952', '45264987354042368', NULL);
INSERT INTO `t_sys_role_permission` VALUES ('77277780546424832', '496138616573952', '45265487029866496', NULL);
INSERT INTO `t_sys_role_permission` VALUES ('77277780554813440', '496138616573952', '45265762415284224', NULL);
INSERT INTO `t_sys_role_permission` VALUES ('77277780559007744', '496138616573952', '45265886315024384', NULL);
INSERT INTO `t_sys_role_permission` VALUES ('77277780567396352', '496138616573952', '45266070000373760', NULL);
INSERT INTO `t_sys_role_permission` VALUES ('77277780571590656', '496138616573952', '41363147411427328', NULL);
INSERT INTO `t_sys_role_permission` VALUES ('77277780579979264', '496138616573952', '41363537456533504', NULL);
INSERT INTO `t_sys_role_permission` VALUES ('77277780588367872', '496138616573952', '41364927394353152', NULL);
INSERT INTO `t_sys_role_permission` VALUES ('77277780596756480', '496138616573952', '41371711400054784', NULL);
INSERT INTO `t_sys_role_permission` VALUES ('77277780605145088', '496138616573952', '41469219249852416', NULL);
INSERT INTO `t_sys_role_permission` VALUES ('77277780613533696', '496138616573952', '39916171171991552', NULL);
INSERT INTO `t_sys_role_permission` VALUES ('77277780621922304', '496138616573952', '39918482854252544', NULL);
INSERT INTO `t_sys_role_permission` VALUES ('77277780630310912', '496138616573952', '41373430515240960', NULL);
INSERT INTO `t_sys_role_permission` VALUES ('77277780718391296', '496138616573952', '41375330996326400', NULL);
INSERT INTO `t_sys_role_permission` VALUES ('77277780722585600', '496138616573952', '63741744973352960', NULL);
INSERT INTO `t_sys_role_permission` VALUES ('77277780730974208', '496138616573952', '42082442672082944', NULL);
INSERT INTO `t_sys_role_permission` VALUES ('77277780739362816', '496138616573952', '41376192166629376', NULL);
INSERT INTO `t_sys_role_permission` VALUES ('77277780747751424', '496138616573952', '41377034236071936', NULL);
INSERT INTO `t_sys_role_permission` VALUES ('77277780756140032', '496138616573952', '56911328312299520', NULL);
INSERT INTO `t_sys_role_permission` VALUES ('77277780764528640', '496138616573952', '41378916912336896', NULL);
INSERT INTO `t_sys_role_permission` VALUES ('77277780768722944', '496138616573952', '63482475359244288', NULL);
INSERT INTO `t_sys_role_permission` VALUES ('77277780772917249', '496138616573952', '64290663792906240', NULL);
INSERT INTO `t_sys_role_permission` VALUES ('77277780785500160', '496138616573952', '66790433014943744', NULL);
INSERT INTO `t_sys_role_permission` VALUES ('77277780789694464', '496138616573952', '42087054753927168', NULL);
INSERT INTO `t_sys_role_permission` VALUES ('77277780798083072', '496138616573952', '67027338952445952', NULL);
INSERT INTO `t_sys_role_permission` VALUES ('77277780806471680', '496138616573952', '67027909637836800', NULL);
INSERT INTO `t_sys_role_permission` VALUES ('77277780810665985', '496138616573952', '67042515441684480', NULL);
INSERT INTO `t_sys_role_permission` VALUES ('77277780823248896', '496138616573952', '67082402312228864', NULL);
INSERT INTO `t_sys_role_permission` VALUES ('77277780827443200', '496138616573952', '16392452747300864', NULL);
INSERT INTO `t_sys_role_permission` VALUES ('77277780835831808', '496138616573952', '16392767785668608', NULL);
INSERT INTO `t_sys_role_permission` VALUES ('77277780840026112', '496138616573952', '16438800255291392', NULL);
INSERT INTO `t_sys_role_permission` VALUES ('77277780844220417', '496138616573952', '16438962738434048', NULL);
INSERT INTO `t_sys_role_permission` VALUES ('77277780852609024', '496138616573952', '16439068543946752', NULL);
INSERT INTO `t_sys_role_permission` VALUES ('77277860062040064', '496138616573953', '5129710648430592', NULL);
INSERT INTO `t_sys_role_permission` VALUES ('77277860070428672', '496138616573953', '5129710648430593', NULL);
INSERT INTO `t_sys_role_permission` VALUES ('77277860078817280', '496138616573953', '40238597734928384', NULL);
INSERT INTO `t_sys_role_permission` VALUES ('77277860091400192', '496138616573953', '43117268627886080', NULL);
INSERT INTO `t_sys_role_permission` VALUES ('77277860099788800', '496138616573953', '57009744761589760', NULL);
INSERT INTO `t_sys_role_permission` VALUES ('77277860112371712', '496138616573953', '56309618086776832', NULL);
INSERT INTO `t_sys_role_permission` VALUES ('77277860120760320', '496138616573953', '44986029924421632', NULL);
INSERT INTO `t_sys_role_permission` VALUES ('77277860129148928', '496138616573953', '5129710648430594', NULL);
INSERT INTO `t_sys_role_permission` VALUES ('77277860141731840', '496138616573953', '5129710648430595', NULL);
INSERT INTO `t_sys_role_permission` VALUES ('77277860150120448', '496138616573953', '75002207560273920', NULL);
INSERT INTO `t_sys_role_permission` VALUES ('77277860158509056', '496138616573953', '58480609315524608', NULL);
INSERT INTO `t_sys_role_permission` VALUES ('77277860162703360', '496138616573953', '76606430504816640', NULL);
INSERT INTO `t_sys_role_permission` VALUES ('77277860171091968', '496138616573953', '76914082455752704', NULL);
INSERT INTO `t_sys_role_permission` VALUES ('77277860179480576', '496138616573953', '76607201262702592', NULL);
INSERT INTO `t_sys_role_permission` VALUES ('77277860187869184', '496138616573953', '39915540965232640', NULL);
INSERT INTO `t_sys_role_permission` VALUES ('77277860196257792', '496138616573953', '41370251991977984', NULL);
INSERT INTO `t_sys_role_permission` VALUES ('77277860204646400', '496138616573953', '41363147411427328', NULL);
INSERT INTO `t_sys_role_permission` VALUES ('77277860208840704', '496138616573953', '41371711400054784', NULL);
INSERT INTO `t_sys_role_permission` VALUES ('77277860213035009', '496138616573953', '39916171171991552', NULL);
INSERT INTO `t_sys_role_permission` VALUES ('77277860221423616', '496138616573953', '39918482854252544', NULL);
INSERT INTO `t_sys_role_permission` VALUES ('77277860225617920', '496138616573953', '41373430515240960', NULL);
INSERT INTO `t_sys_role_permission` VALUES ('77277860234006528', '496138616573953', '41375330996326400', NULL);
INSERT INTO `t_sys_role_permission` VALUES ('77277860242395136', '496138616573953', '63741744973352960', NULL);
INSERT INTO `t_sys_role_permission` VALUES ('77277860250783744', '496138616573953', '42082442672082944', NULL);
INSERT INTO `t_sys_role_permission` VALUES ('77277860254978048', '496138616573953', '41376192166629376', NULL);
INSERT INTO `t_sys_role_permission` VALUES ('77277860263366656', '496138616573953', '41377034236071936', NULL);
INSERT INTO `t_sys_role_permission` VALUES ('77277860271755264', '496138616573953', '56911328312299520', NULL);
INSERT INTO `t_sys_role_permission` VALUES ('77277860313698304', '496138616573953', '41378916912336896', NULL);
INSERT INTO `t_sys_role_permission` VALUES ('77277860322086912', '496138616573953', '63482475359244288', NULL);
INSERT INTO `t_sys_role_permission` VALUES ('77277860326281216', '496138616573953', '64290663792906240', NULL);
INSERT INTO `t_sys_role_permission` VALUES ('77277860334669824', '496138616573953', '66790433014943744', NULL);
INSERT INTO `t_sys_role_permission` VALUES ('77277860343058432', '496138616573953', '42087054753927168', NULL);
INSERT INTO `t_sys_role_permission` VALUES ('77277860347252736', '496138616573953', '67027338952445952', NULL);
INSERT INTO `t_sys_role_permission` VALUES ('77277860351447041', '496138616573953', '67027909637836800', NULL);
INSERT INTO `t_sys_role_permission` VALUES ('77277860359835648', '496138616573953', '67042515441684480', NULL);
INSERT INTO `t_sys_role_permission` VALUES ('77277860364029952', '496138616573953', '67082402312228864', NULL);
INSERT INTO `t_sys_role_permission` VALUES ('77277860368224256', '496138616573953', '16392452747300864', NULL);
INSERT INTO `t_sys_role_permission` VALUES ('77277860372418560', '496138616573953', '16392767785668608', NULL);
INSERT INTO `t_sys_role_permission` VALUES ('77277860376612865', '496138616573953', '16438800255291392', NULL);
INSERT INTO `t_sys_role_permission` VALUES ('77277860385001472', '496138616573953', '16438962738434048', NULL);
INSERT INTO `t_sys_role_permission` VALUES ('77277860389195776', '496138616573953', '16439068543946752', NULL);
INSERT INTO `t_sys_role_permission` VALUES ('7a5d31ba48fe3fb1266bf186dc5f7ba7', '52b0cf022ac4187b2a70dfa4f8b2d940', '58857ff846e61794c69208e9d3a85466', NULL);
INSERT INTO `t_sys_role_permission` VALUES ('7a6bca9276c128309c80d21e795c66c6', 'f6817f48af4fb3af11b9e8bf182f618b', '54097c6a3cf50fad0793a34beff1efdf', NULL);
INSERT INTO `t_sys_role_permission` VALUES ('7ca833caa5eac837b7200d8b6de8b2e3', 'f6817f48af4fb3af11b9e8bf182f618b', 'fedfbf4420536cacc0218557d263dfea', NULL);
INSERT INTO `t_sys_role_permission` VALUES ('7de42bdc0b8c5446b7d428c66a7abc12', '52b0cf022ac4187b2a70dfa4f8b2d940', '54dd5457a3190740005c1bfec55b1c34', NULL);
INSERT INTO `t_sys_role_permission` VALUES ('7e19d90cec0dd87aaef351b9ff8f4902', '646c628b2b8295fbdab2d34044de0354', 'f9d3f4f27653a71c52faa9fb8070fbe7', NULL);
INSERT INTO `t_sys_role_permission` VALUES ('84eac2f113c23737128fb099d1d1da89', 'f6817f48af4fb3af11b9e8bf182f618b', '03dc3d93261dda19fc86dd7ca486c6cf', NULL);
INSERT INTO `t_sys_role_permission` VALUES ('86060e2867a5049d8a80d9fe5d8bc28b', 'f6817f48af4fb3af11b9e8bf182f618b', '765dd244f37b804e3d00f475fd56149b', NULL);
INSERT INTO `t_sys_role_permission` VALUES ('884f147c20e003cc80ed5b7efa598cbe', 'f6817f48af4fb3af11b9e8bf182f618b', 'e5973686ed495c379d829ea8b2881fc6', NULL);
INSERT INTO `t_sys_role_permission` VALUES ('8a60df8d8b4c9ee5fa63f48aeee3ec00', '1750a8fb3e6d90cb7957c02de1dc8e59', 'd7d6e2e4e2934f2c9385a623fd98c6f3', NULL);
INSERT INTO `t_sys_role_permission` VALUES ('8b09925bdc194ab7f3559cd3a7ea0507', 'f6817f48af4fb3af11b9e8bf182f618b', 'ebb9d82ea16ad864071158e0c449d186', NULL);
INSERT INTO `t_sys_role_permission` VALUES ('8ce1022dac4e558ff9694600515cf510', '1750a8fb3e6d90cb7957c02de1dc8e59', '08e6b9dc3c04489c8e1ff2ce6f105aa4', NULL);
INSERT INTO `t_sys_role_permission` VALUES ('8d154c2382a8ae5c8d1b84bd38df2a93', 'f6817f48af4fb3af11b9e8bf182f618b', 'd86f58e7ab516d3bc6bfb1fe10585f97', NULL);
INSERT INTO `t_sys_role_permission` VALUES ('8d848ca7feec5b7ebb3ecb32b2c8857a', '52b0cf022ac4187b2a70dfa4f8b2d940', '4148ec82b6acd69f470bea75fe41c357', NULL);
INSERT INTO `t_sys_role_permission` VALUES ('8dd64f65a1014196078d0882f767cd85', 'f6817f48af4fb3af11b9e8bf182f618b', 'e3c13679c73a4f829bcff2aba8fd68b1', NULL);
INSERT INTO `t_sys_role_permission` VALUES ('8e3dc1671abad4f3c83883b194d2e05a', 'f6817f48af4fb3af11b9e8bf182f618b', 'b1cb0a3fedf7ed0e4653cb5a229837ee', NULL);
INSERT INTO `t_sys_role_permission` VALUES ('905bf419332ebcb83863603b3ebe30f0', 'f6817f48af4fb3af11b9e8bf182f618b', '8fb8172747a78756c11916216b8b8066', NULL);
INSERT INTO `t_sys_role_permission` VALUES ('9264104cee9b10c96241d527b2d0346d', '1750a8fb3e6d90cb7957c02de1dc8e59', '54dd5457a3190740005c1bfec55b1c34', NULL);
INSERT INTO `t_sys_role_permission` VALUES ('9380121ca9cfee4b372194630fce150e', 'f6817f48af4fb3af11b9e8bf182f618b', '65a8f489f25a345836b7f44b1181197a', NULL);
INSERT INTO `t_sys_role_permission` VALUES ('94911fef73a590f6824105ebf9b6cab3', 'f6817f48af4fb3af11b9e8bf182f618b', '8b3bff2eee6f1939147f5c68292a1642', NULL);
INSERT INTO `t_sys_role_permission` VALUES ('9700d20dbc1ae3cbf7de1c810b521fe6', 'f6817f48af4fb3af11b9e8bf182f618b', 'ec8d607d0156e198b11853760319c646', NULL);
INSERT INTO `t_sys_role_permission` VALUES ('980171fda43adfe24840959b1d048d4d', 'f6817f48af4fb3af11b9e8bf182f618b', 'd7d6e2e4e2934f2c9385a623fd98c6f3', NULL);
INSERT INTO `t_sys_role_permission` VALUES ('987c23b70873bd1d6dca52f30aafd8c2', 'f6817f48af4fb3af11b9e8bf182f618b', '00a2a0ae65cdca5e93209cdbde97cbe6', NULL);
INSERT INTO `t_sys_role_permission` VALUES ('9b2ad767f9861e64a20b097538feafd3', 'f6817f48af4fb3af11b9e8bf182f618b', '73678f9daa45ed17a3674131b03432fb', NULL);
INSERT INTO `t_sys_role_permission` VALUES ('9d8772c310b675ae43eacdbc6c7fa04a', 'a799c3b1b12dd3ed4bd046bfaef5fe6e', '1663f3faba244d16c94552f849627d84', NULL);
INSERT INTO `t_sys_role_permission` VALUES ('9d980ec0489040e631a9c24a6af42934', 'f6817f48af4fb3af11b9e8bf182f618b', '05b3c82ddb2536a4a5ee1a4c46b5abef', NULL);
INSERT INTO `t_sys_role_permission` VALUES ('9f8311ecccd44e079723098cf2ffe1cc', '1750a8fb3e6d90cb7957c02de1dc8e59', '693ce69af3432bd00be13c3971a57961', NULL);
INSERT INTO `t_sys_role_permission` VALUES ('a034ed7c38c996b880d3e78f586fe0ae', 'f6817f48af4fb3af11b9e8bf182f618b', 'c89018ea6286e852b424466fd92a2ffc', NULL);
INSERT INTO `t_sys_role_permission` VALUES ('a307a9349ad64a2eff8ab69582fa9be4', 'f6817f48af4fb3af11b9e8bf182f618b', '0620e402857b8c5b605e1ad9f4b89350', NULL);
INSERT INTO `t_sys_role_permission` VALUES ('a5d25fdb3c62904a8474182706ce11a0', 'f6817f48af4fb3af11b9e8bf182f618b', '418964ba087b90a84897b62474496b93', NULL);
INSERT INTO `t_sys_role_permission` VALUES ('acacce4417e5d7f96a9c3be2ded5b4be', 'f6817f48af4fb3af11b9e8bf182f618b', 'f9d3f4f27653a71c52faa9fb8070fbe7', NULL);
INSERT INTO `t_sys_role_permission` VALUES ('ae1852fb349d8513eb3fdc173da3ee56', 'f6817f48af4fb3af11b9e8bf182f618b', '8d4683aacaa997ab86b966b464360338', NULL);
INSERT INTO `t_sys_role_permission` VALUES ('aefc8c22e061171806e59cd222f6b7e1', '52b0cf022ac4187b2a70dfa4f8b2d940', 'e8af452d8948ea49d37c934f5100ae6a', NULL);
INSERT INTO `t_sys_role_permission` VALUES ('af60ac8fafd807ed6b6b354613b9ccbc', 'f6817f48af4fb3af11b9e8bf182f618b', '58857ff846e61794c69208e9d3a85466', NULL);
INSERT INTO `t_sys_role_permission` VALUES ('b0c8a20800b8bf1ebdd7be473bceb44f', 'f6817f48af4fb3af11b9e8bf182f618b', '58b9204feaf07e47284ddb36cd2d8468', NULL);
INSERT INTO `t_sys_role_permission` VALUES ('b128ebe78fa5abb54a3a82c6689bdca3', 'f6817f48af4fb3af11b9e8bf182f618b', 'aedbf679b5773c1f25e9f7b10111da73', NULL);
INSERT INTO `t_sys_role_permission` VALUES ('b21b07951bb547b09cc85624a841aea0', 'f6817f48af4fb3af11b9e8bf182f618b', '4356a1a67b564f0988a484f5531fd4d9', NULL);
INSERT INTO `t_sys_role_permission` VALUES ('b64c4ab9cd9a2ea8ac1e9db5fb7cf522', 'f6817f48af4fb3af11b9e8bf182f618b', '2aeddae571695cd6380f6d6d334d6e7d', NULL);
INSERT INTO `t_sys_role_permission` VALUES ('bbec16ad016efec9ea2def38f4d3d9dc', 'f6817f48af4fb3af11b9e8bf182f618b', '13212d3416eb690c2e1d5033166ff47a', NULL);
INSERT INTO `t_sys_role_permission` VALUES ('be8e5a9080569e59863f20c4c57a8e22', 'f6817f48af4fb3af11b9e8bf182f618b', '22d6a3d39a59dd7ea9a30acfa6bfb0a5', NULL);
INSERT INTO `t_sys_role_permission` VALUES ('bea2986432079d89203da888d99b3f16', 'f6817f48af4fb3af11b9e8bf182f618b', '54dd5457a3190740005c1bfec55b1c34', NULL);
INSERT INTO `t_sys_role_permission` VALUES ('c09373ebfc73fb5740db5ff02cba4f91', 'f6817f48af4fb3af11b9e8bf182f618b', '339329ed54cf255e1f9392e84f136901', NULL);
INSERT INTO `t_sys_role_permission` VALUES ('c56fb1658ee5f7476380786bf5905399', 'f6817f48af4fb3af11b9e8bf182f618b', 'de13e0f6328c069748de7399fcc1dbbd', NULL);
INSERT INTO `t_sys_role_permission` VALUES ('c6fee38d293b9d0596436a0cbd205070', 'f6817f48af4fb3af11b9e8bf182f618b', '4f84f9400e5e92c95f05b554724c2b58', NULL);
INSERT INTO `t_sys_role_permission` VALUES ('c90b0b01c7ca454d2a1cb7408563e696', 'f6817f48af4fb3af11b9e8bf182f618b', '882a73768cfd7f78f3a37584f7299656', NULL);
INSERT INTO `t_sys_role_permission` VALUES ('cf1feb1bf69eafc982295ad6c9c8d698', 'f6817f48af4fb3af11b9e8bf182f618b', 'a2b11669e98c5fe54a53c3e3c4f35d14', NULL);
INSERT INTO `t_sys_role_permission` VALUES ('cf2ef620217673e4042f695743294f01', 'f6817f48af4fb3af11b9e8bf182f618b', '717f6bee46f44a3897eca9abd6e2ec44', NULL);
INSERT INTO `t_sys_role_permission` VALUES ('cf43895aef7fc684669483ab00ef2257', 'f6817f48af4fb3af11b9e8bf182f618b', '700b7f95165c46cc7a78bf227aa8fed3', NULL);
INSERT INTO `t_sys_role_permission` VALUES ('d281a95b8f293d0fa2a136f46c4e0b10', 'f6817f48af4fb3af11b9e8bf182f618b', '5c8042bd6c601270b2bbd9b20bccc68b', NULL);
INSERT INTO `t_sys_role_permission` VALUES ('d37ad568e26f46ed0feca227aa9c2ffa', 'f6817f48af4fb3af11b9e8bf182f618b', '9502685863ab87f0ad1134142788a385', NULL);
INSERT INTO `t_sys_role_permission` VALUES ('d3ddcacee1acdfaa0810618b74e38ef2', 'f6817f48af4fb3af11b9e8bf182f618b', 'c6cf95444d80435eb37b2f9db3971ae6', NULL);
INSERT INTO `t_sys_role_permission` VALUES ('d3fe195d59811531c05d31d8436f5c8b', '1750a8fb3e6d90cb7957c02de1dc8e59', 'e8af452d8948ea49d37c934f5100ae6a', NULL);
INSERT INTO `t_sys_role_permission` VALUES ('d83282192a69514cfe6161b3087ff962', 'f6817f48af4fb3af11b9e8bf182f618b', '53a9230444d33de28aa11cc108fb1dba', NULL);
INSERT INTO `t_sys_role_permission` VALUES ('d8a5c9079df12090e108e21be94b4fd7', 'f6817f48af4fb3af11b9e8bf182f618b', '078f9558cdeab239aecb2bda1a8ed0d1', NULL);
INSERT INTO `t_sys_role_permission` VALUES ('dbc5dd836d45c5bc7bc94b22596ab956', 'f6817f48af4fb3af11b9e8bf182f618b', '1939e035e803a99ceecb6f5563570fb2', NULL);
INSERT INTO `t_sys_role_permission` VALUES ('dc83bb13c0e8c930e79d28b2db26f01f', 'f6817f48af4fb3af11b9e8bf182f618b', '63b551e81c5956d5c861593d366d8c57', NULL);
INSERT INTO `t_sys_role_permission` VALUES ('dc8fd3f79bd85bd832608b42167a1c71', 'f6817f48af4fb3af11b9e8bf182f618b', '91c23960fab49335831cf43d820b0a61', NULL);
INSERT INTO `t_sys_role_permission` VALUES ('de82e89b8b60a3ea99be5348f565c240', 'f6817f48af4fb3af11b9e8bf182f618b', '56ca78fe0f22d815fabc793461af67b8', NULL);
INSERT INTO `t_sys_role_permission` VALUES ('de8f43229e351d34af3c95b1b9f0a15d', 'f6817f48af4fb3af11b9e8bf182f618b', 'a400e4f4d54f79bf5ce160ae432231af', NULL);
INSERT INTO `t_sys_role_permission` VALUES ('e3e922673f4289b18366bb51b6200f17', '52b0cf022ac4187b2a70dfa4f8b2d940', '45c966826eeff4c99b8f8ebfe74511fc', NULL);
INSERT INTO `t_sys_role_permission` VALUES ('e7467726ee72235baaeb47df04a35e73', 'f6817f48af4fb3af11b9e8bf182f618b', 'e08cb190ef230d5d4f03824198773950', NULL);
INSERT INTO `t_sys_role_permission` VALUES ('eaef4486f1c9b0408580bbfa2037eb66', 'f6817f48af4fb3af11b9e8bf182f618b', '2a470fc0c3954d9dbb61de6d80846549', NULL);
INSERT INTO `t_sys_role_permission` VALUES ('ec4bc97829ab56afd83f428b6dc37ff6', 'f6817f48af4fb3af11b9e8bf182f618b', '200006f0edf145a2b50eacca07585451', NULL);
INSERT INTO `t_sys_role_permission` VALUES ('ec846a3f85fdb6813e515be71f11b331', 'f6817f48af4fb3af11b9e8bf182f618b', '732d48f8e0abe99fe6a23d18a3171cd1', NULL);
INSERT INTO `t_sys_role_permission` VALUES ('ec93bb06f5be4c1f19522ca78180e2ef', 'f6817f48af4fb3af11b9e8bf182f618b', '265de841c58907954b8877fb85212622', NULL);
INSERT INTO `t_sys_role_permission` VALUES ('ecdd72fe694e6bba9c1d9fc925ee79de', 'f6817f48af4fb3af11b9e8bf182f618b', '45c966826eeff4c99b8f8ebfe74511fc', NULL);
INSERT INTO `t_sys_role_permission` VALUES ('edefd8d468f5727db465cf1b860af474', 'f6817f48af4fb3af11b9e8bf182f618b', '6ad53fd1b220989a8b71ff482d683a5a', NULL);
INSERT INTO `t_sys_role_permission` VALUES ('ef8bdd20d29447681ec91d3603e80c7b', 'f6817f48af4fb3af11b9e8bf182f618b', 'ae4fed059f67086fd52a73d913cf473d', NULL);
INSERT INTO `t_sys_role_permission` VALUES ('f177acac0276329dc66af0c9ad30558a', 'f6817f48af4fb3af11b9e8bf182f618b', 'c2c356bf4ddd29975347a7047a062440', NULL);
INSERT INTO `t_sys_role_permission` VALUES ('f17ab8ad1e71341140857ef4914ef297', '21c5a3187763729408b40afb0d0fdfa8', '732d48f8e0abe99fe6a23d18a3171cd1', NULL);
INSERT INTO `t_sys_role_permission` VALUES ('f99f99cc3bc27220cdd4f5aced33b7d7', 'f6817f48af4fb3af11b9e8bf182f618b', '655563cd64b75dcf52ef7bcdd4836953', NULL);
INSERT INTO `t_sys_role_permission` VALUES ('fafe73c4448b977fe42880a6750c3ee8', 'f6817f48af4fb3af11b9e8bf182f618b', '9cb91b8851db0cf7b19d7ecc2a8193dd', NULL);
INSERT INTO `t_sys_role_permission` VALUES ('fced905c7598973b970d42d833f73474', 'f6817f48af4fb3af11b9e8bf182f618b', '4875ebe289344e14844d8e3ea1edd73f', NULL);
INSERT INTO `t_sys_role_permission` VALUES ('fd97963dc5f144d3aecfc7045a883427', 'f6817f48af4fb3af11b9e8bf182f618b', '043780fa095ff1b2bec4dc406d76f023', NULL);
INSERT INTO `t_sys_role_permission` VALUES ('fed41a4671285efb266cd404f24dd378', '52b0cf022ac4187b2a70dfa4f8b2d940', '00a2a0ae65cdca5e93209cdbde97cbe6', NULL);

